1:1979375:2665000	1:3355000:3861875
1:3355000:3861875	1:5535000:6027500
1:5535000:6027500	1:7690000:8393750
1:7690000:8393750	1:9547500:9785000
1:9547500:9785000	1:9916875:10712500
1:9916875:10712500	1:10983750:11640000
1:10983750:11640000	1:12112500:13339375
1:12112500:13339375	1:13628125:14152500
1:13628125:14152500	1:14280000:15115000
1:14280000:15115000	1:15625000:15842500
1:15625000:15842500	1:15857500:16092500
1:15857500:16092500	1:16097500:16392500
1:16097500:16392500	1:16515000:16878125
1:16515000:16878125	1:17198750:17788750
1:17198750:17788750	1:17972500:19190000
1:17972500:19190000	1:19396250:19577500
1:19396250:19577500	1:19612500:20035000
1:19612500:20035000	1:20217500:20810625
1:20217500:20810625	1:20970000:21528125
1:20970000:21528125	1:21539375:22216875
1:21539375:22216875	1:22323750:22490000
1:22323750:22490000	1:23280000:23630000
1:23280000:23630000	1:23798750:24032500
1:23798750:24032500	1:24062500:24346250
1:24062500:24346250	1:24375000:24952500
1:24375000:24952500	1:25182500:25616875
1:25182500:25616875	1:26137500:26382500
1:26137500:26382500	1:26437500:26752500
1:26437500:26752500	1:26762500:27258750
1:26762500:27258750	1:27851250:28107500
1:27851250:28107500	1:29143750:29598750
1:29143750:29598750	1:29635000:31102500
1:29635000:31102500	1:31147500:31590625
1:31147500:31590625	1:32072500:32257500
1:32072500:32257500	1:32262500:32906250
1:32262500:32906250	1:33631250:33972500
1:33631250:33972500	1:34007500:35270000
1:34007500:35270000	1:35582500:36250000
1:35582500:36250000	1:36255000:36547500
1:36255000:36547500	1:36562500:36995000
1:36562500:36995000	1:37005000:37890000
1:37005000:37890000	1:37895000:38175000
1:37895000:38175000	1:38497500:39092500
1:38497500:39092500	1:40027500:40207500
1:40027500:40207500	1:40345000:41077500
1:40345000:41077500	1:43220000:43357500
1:43220000:43357500	1:43362500:43642500
1:43362500:43642500	1:43647500:43966250
1:43647500:43966250	1:44645000:45190000
1:44645000:45190000	1:46466250:46662500
1:46466250:46662500	1:46689375:46890000
1:46689375:46890000	1:46895000:47282500
1:46895000:47282500	1:47880000:48175000
1:47880000:48175000	1:48312500:49250000
1:48312500:49250000	1:51187500:51690000
1:51187500:51690000	1:51800000:52427500
1:51800000:52427500	1:52837500:53510000
1:52837500:53510000	1:53835000:54135000
1:53835000:54135000	1:54250000:54552500
1:54250000:54552500	1:55500000:55760000
1:55500000:55760000	1:55775000:56712500
1:55775000:56712500	1:56867500:57260000
1:56867500:57260000	1:57690000:58877500
1:57690000:58877500	1:58940000:59137500
1:58940000:59137500	1:59142500:60335000
1:59142500:60335000	1:60365000:61202500
1:60365000:61202500	1:61402500:62670000
1:61402500:62670000	1:63776875:64720000
1:63776875:64720000	1:64725000:65318750
1:64725000:65318750	1:65326250:65690000
1:65326250:65690000	1:67977500:68265000
1:67977500:68265000	1:69007500:69332500
1:69007500:69332500	1:69402500:70450000
1:69402500:70450000	1:70610000:70967500
1:70610000:70967500	1:71682500:71785000
1:71682500:71785000	1:72220000:73517500
1:72220000:73517500	1:74270000:75197500
1:74270000:75197500	1:75582500:75897500
1:75582500:75897500	1:79985000:80173125
1:79985000:80173125	1:83873750:84330000
1:83873750:84330000	1:84887500:85435000
1:84887500:85435000	1:87117500:87627500
1:87117500:87627500	1:87660000:89085000
1:87660000:89085000	1:89095000:89370000
1:89095000:89370000	1:90580000:91355000
1:90580000:91355000	1:91892500:92460000
1:91892500:92460000	1:92703750:93222500
1:92703750:93222500	1:93720000:94415000
1:93720000:94415000	1:94822500:95322500
1:94822500:95322500	1:95335000:95632500
1:95335000:95632500	1:95830000:96210000
1:95830000:96210000	1:96305000:96750000
1:96305000:96750000	1:97510000:98775000
1:97510000:98775000	1:98965000:100222500
1:98965000:100222500	1:100227500:101055000
1:100227500:101055000	1:101075000:101377500
1:101075000:101377500	1:101382500:101827500
1:101382500:101827500	1:108110000:108856875
1:108110000:108856875	1:109292500:109497500
1:109292500:109497500	1:109792500:109970000
1:109792500:109970000	1:110235000:110605000
1:110235000:110605000	1:110630000:111085000
1:110630000:111085000	1:111300000:111515000
1:111300000:111515000	1:111575000:111922500
1:111575000:111922500	1:111942500:112377500
1:111942500:112377500	1:113280000:113677500
1:113280000:113677500	1:113745000:114190000
1:113745000:114190000	1:114207500:114512500
1:114207500:114512500	1:114517500:114850000
1:114517500:114850000	1:114862500:115360000
1:114862500:115360000	1:115480000:115727500
1:115480000:115727500	1:116242500:116630000
1:116242500:116630000	1:117212500:117650000
1:117212500:117650000	1:117655000:118585000
1:117655000:118585000	1:118957500:119635000
1:118957500:119635000	1:120072500:120725625
1:120072500:120725625	1:144400000:145124375
1:144400000:145124375	1:145214375:145910625
1:145214375:145910625	1:146185625:148072500
1:146185625:148072500	1:149220000:150205000
1:149220000:150205000	1:151055000:151257500
1:151055000:151257500	1:151410000:151765000
1:151410000:151765000	1:151800000:152027500
1:151800000:152027500	1:152032500:152195000
1:152032500:152195000	1:152217500:152452500
1:152217500:152452500	1:152770000:153195000
1:152770000:153195000	1:153292500:153484375
1:153292500:153484375	1:154917500:155165000
1:154917500:155165000	1:156022500:156327500
1:156022500:156327500	1:156332500:156651250
1:156332500:156651250	1:156822500:157141875
1:156822500:157141875	1:158085000:158737500
1:158085000:158737500	1:158750000:159082500
1:158750000:159082500	1:159087500:160127500
1:159087500:160127500	1:160347500:160592500
1:160347500:160592500	1:160597500:161136250
1:160597500:161136250	1:161158750:161416875
1:161158750:161416875	1:161435625:161750000
1:161435625:161750000	1:162803750:163330000
1:162803750:163330000	1:164647500:165077500
1:164647500:165077500	1:165322500:165580000
1:165322500:165580000	1:165585000:166000625
1:165585000:166000625	1:166217500:166770000
1:166217500:166770000	1:166960000:167510000
1:166960000:167510000	1:167537500:168062500
1:167537500:168062500	1:168245000:169312500
1:168245000:169312500	1:169317500:169970000
1:169317500:169970000	1:171352500:171845000
1:171352500:171845000	1:172402500:172607500
1:172402500:172607500	1:172732500:173342500
1:172732500:173342500	1:173357500:173732500
1:173357500:173732500	1:174172500:174727500
1:174172500:174727500	1:175087500:175410000
1:175087500:175410000	1:178012500:178287500
1:178012500:178287500	1:178465000:178950000
1:178465000:178950000	1:179007500:179412500
1:179007500:179412500	1:179417500:179777500
1:179417500:179777500	1:180165000:180472500
1:180165000:180472500	1:182027500:182577500
1:182027500:182577500	1:182582500:182880000
1:182582500:182880000	1:183150000:183695000
1:183150000:183695000	1:184647500:185035000
1:184647500:185035000	1:185122500:185782500
1:185122500:185782500	1:190240000:190530000
1:190240000:190530000	1:191935000:192422500
1:191935000:192422500	1:192427500:192745000
1:192427500:192745000	1:192750000:193142500
1:192750000:193142500	1:193585000:194657500
1:193585000:194657500	1:195747500:196850000
1:195747500:196850000	1:197292500:197867500
1:197292500:197867500	1:199585000:200075000
1:199585000:200075000	1:200557500:200860000
1:200557500:200860000	1:200907500:201202500
1:200907500:201202500	1:201400000:201787500
1:201400000:201787500	1:202705000:202990000
1:202705000:202990000	1:203467500:203772500
1:203467500:203772500	1:203777500:204117500
1:203777500:204117500	1:204122500:204342500
1:204122500:204342500	1:204347500:204585000
1:204347500:204585000	1:204882500:205542500
1:204882500:205542500	1:206121250:206395000
1:206121250:206395000	1:207097500:207780000
1:207097500:207780000	1:207840000:208167500
1:207840000:208167500	1:208210000:209370000
1:208210000:209370000	1:209712500:210067500
1:209712500:210067500	1:211665000:212177500
1:211665000:212177500	1:212202500:212610000
1:212202500:212610000	1:218736875:220045625
1:218736875:220045625	1:220832500:221407500
1:220832500:221407500	1:223085000:223865000
1:223085000:223865000	1:224188750:224710000
1:224188750:224710000	1:224752500:225465000
1:224752500:225465000	1:225477500:225942500
1:225477500:225942500	1:228185000:228724375
1:228185000:228724375	1:228748125:229377500
1:228748125:229377500	1:229382500:229697500
1:229382500:229697500	1:229702500:230500000
1:229702500:230500000	1:230992500:231350000
1:230992500:231350000	1:231395000:231975000
1:231395000:231975000	1:233547500:234290000
1:233547500:234290000	1:234435000:235290000
1:234435000:235290000	1:235777500:236212500
1:235777500:236212500	1:240377500:241537500
1:240377500:241537500	1:241590000:242144375
1:241590000:242144375	1:242487500:243193750
1:242487500:243193750	1:244727500:245320000
1:244727500:245320000	1:245330000:246155000
1:245330000:246155000	1:246215000:246620000
1:246215000:246620000	10:116875:692500
10:116875:692500	10:1723750:3135000
10:1723750:3135000	10:4845000:5477500
10:4845000:5477500	10:5695000:5967500
10:5695000:5967500	10:6031250:6457500
10:6031250:6457500	10:6712500:7855000
10:6712500:7855000	10:7999375:9240000
10:7999375:9240000	10:10992500:11532500
10:10992500:11532500	10:11945000:12930000
10:11945000:12930000	10:14050000:14240000
10:14050000:14240000	10:14505000:15255000
10:14505000:15255000	10:15920000:16417500
10:15920000:16417500	10:16810000:17886875
10:16810000:17886875	10:18105625:18770000
10:18105625:18770000	10:19845000:21330000
10:19845000:21330000	10:21700000:22817500
10:21700000:22817500	10:22827500:23437500
10:22827500:23437500	10:23492500:24080000
10:23492500:24080000	10:26485000:26952500
10:26485000:26952500	10:27977500:28961875
10:27977500:28961875	10:29028125:29670000
10:29028125:29670000	10:29707500:30100000
10:29707500:30100000	10:30647500:30952500
10:30647500:30952500	10:30957500:32207500
10:30957500:32207500	10:33672500:34005000
10:33672500:34005000	10:35262500:35515625
10:35262500:35515625	10:35536875:35972500
10:35536875:35972500	10:38180000:39818125
10:38180000:39818125	10:41536250:42583125
10:41536250:42583125	10:42680625:44002500
10:42680625:44002500	10:44100000:45395000
10:44100000:45395000	10:45702500:46375000
10:45702500:46375000	10:46765000:47250000
10:46765000:47250000	10:48148750:48848750
10:48148750:48848750	10:49206250:50187500
10:49206250:50187500	10:50220000:51218125
10:50220000:51218125	10:51404375:51645000
10:51404375:51645000	10:51735000:52426250
10:51735000:52426250	10:53156250:53887500
10:53156250:53887500	10:54660000:55212500
10:54660000:55212500	10:56285000:56490000
10:56285000:56490000	10:56835000:57290000
10:56835000:57290000	10:57610000:57967500
10:57610000:57967500	10:58911875:59190000
10:58911875:59190000	10:60237500:60605000
10:60237500:60605000	10:60742500:61392500
10:60742500:61392500	10:61492500:62001875
10:61492500:62001875	10:63565000:64307500
10:63565000:64307500	10:64327500:64640000
10:64327500:64640000	10:64645000:64882500
10:64645000:64882500	10:64917500:65591875
10:64917500:65591875	10:68442500:69512500
10:68442500:69512500	10:71512500:71802500
10:71512500:71802500	10:71867500:72237500
10:71867500:72237500	10:74120000:74910000
10:74120000:74910000	10:75470000:75920000
10:75470000:75920000	10:76002500:76465625
10:76002500:76465625	10:76522500:77072500
10:76522500:77072500	10:78737500:79632500
10:78737500:79632500	10:79707500:80095000
10:79707500:80095000	10:82001250:82332500
10:82001250:82332500	10:85837500:86357500
10:85837500:86357500	10:90785000:91000000
10:90785000:91000000	10:91005000:91577500
10:91005000:91577500	10:91590000:92522500
10:91590000:92522500	10:92575000:93082500
10:92575000:93082500	10:93737500:94247500
10:93737500:94247500	10:94345000:94830000
10:94345000:94830000	10:95294375:95697500
10:95294375:95697500	10:97132500:97690000
10:97132500:97690000	10:97760000:98112500
10:97760000:98112500	10:99005000:99572500
10:99005000:99572500	10:99637500:100225000
10:99637500:100225000	10:101875000:102342500
10:101875000:102342500	10:102847500:103447500
10:102847500:103447500	10:103522500:103867500
10:103522500:103867500	10:103872500:104142500
10:103872500:104142500	10:104660000:105305000
10:104660000:105305000	10:105425000:105970000
10:105425000:105970000	10:106042500:106432500
10:106042500:106432500	10:106817500:107527500
10:106817500:107527500	10:108987500:110190000
10:108987500:110190000	10:112387500:112935625
10:112387500:112935625	10:113352500:113895000
10:113352500:113895000	10:115440000:116042500
10:115440000:116042500	10:116172500:116837500
10:116172500:116837500	10:117830000:118492500
10:117830000:118492500	10:118836250:119237500
10:118836250:119237500	10:120285000:120795000
10:120285000:120795000	10:120800000:121330000
10:120800000:121330000	10:121730000:122125000
10:121730000:122125000	10:122602500:123752500
10:122602500:123752500	10:123771250:124337500
10:123771250:124337500	10:124650000:124985000
10:124650000:124985000	10:125707500:126167500
10:125707500:126167500	10:126180000:126542500
10:126180000:126542500	10:126870000:127580000
10:126870000:127580000	10:128831875:129647500
10:128831875:129647500	10:132125000:132833750
10:132125000:132833750	10:133015000:133693750
10:133015000:133693750	11:955000:1596250
11:955000:1596250	11:2187500:2402500
11:2187500:2402500	11:3533125:4147500
11:3533125:4147500	11:4152500:4545000
11:4152500:4545000	11:4550000:4667500
11:4550000:4667500	11:4672500:5230625
11:4672500:5230625	11:5236875:5475000
11:5236875:5475000	11:5525000:5967500
11:5525000:5967500	11:5982500:6387500
11:5982500:6387500	11:6392500:6815000
11:6392500:6815000	11:8325000:8650000
11:8325000:8650000	11:8660000:8945000
11:8660000:8945000	11:9132500:9582500
11:9132500:9582500	11:10182500:10382500
11:10182500:10382500	11:10392500:10945000
11:10392500:10945000	11:11035000:11790000
11:11035000:11790000	11:12042500:12402500
11:12042500:12402500	11:13497500:14407500
11:13497500:14407500	11:14417500:14987500
11:14417500:14987500	11:15060000:15250000
11:15060000:15250000	11:15255000:15657500
11:15255000:15657500	11:15822500:16742500
11:15822500:16742500	11:16747500:17090000
11:16747500:17090000	11:17095000:17405000
11:17095000:17405000	11:17500000:18227500
11:17500000:18227500	11:18242500:18807500
11:18242500:18807500	11:20705000:21685000
11:20705000:21685000	11:22642500:23077500
11:22642500:23077500	11:23650000:24157500
11:23650000:24157500	11:27615000:28387500
11:27615000:28387500	11:28882500:29097500
11:28882500:29097500	11:31395000:32215000
11:31395000:32215000	11:33787500:34020000
11:33787500:34020000	11:34135000:34562500
11:34135000:34562500	11:34770000:35607500
11:34770000:35607500	11:35770000:36222500
11:35770000:36222500	11:36275000:36745000
11:36275000:36745000	11:36925000:37502500
11:36925000:37502500	11:42182500:42488125
11:42182500:42488125	11:43277500:44017500
11:43277500:44017500	11:44287500:44532500
11:44287500:44532500	11:45796875:46247500
11:45796875:46247500	11:46422500:46718125
11:46422500:46718125	11:46902500:47175000
11:46902500:47175000	11:47180625:47691875
11:47180625:47691875	11:48417500:49360000
11:48417500:49360000	11:51086250:52386250
11:51086250:52386250	11:57035000:57615000
11:57035000:57615000	11:57675000:58246250
11:57675000:58246250	11:58837500:59312500
11:58837500:59312500	11:59317500:59587500
11:59317500:59587500	11:60575000:61011875
11:60575000:61011875	11:61067500:61238750
11:61067500:61238750	11:61411875:61912500
11:61411875:61912500	11:61917500:62161250
11:61917500:62161250	11:62317500:62695000
11:62317500:62695000	11:63187500:63402500
11:63187500:63402500	11:63415000:63537500
11:63415000:63537500	11:63542500:63945000
11:63542500:63945000	11:64477500:64825000
11:64477500:64825000	11:64965000:65383750
11:64965000:65383750	11:65453125:65632500
11:65453125:65632500	11:65802500:65980000
11:65802500:65980000	11:66132500:66497500
11:66132500:66497500	11:68926875:69540000
11:68926875:69540000	11:69711875:69990625
11:69711875:69990625	11:69998750:70377500
11:69998750:70377500	11:71510000:71877500
11:71510000:71877500	11:71933125:72182500
11:71933125:72182500	11:72295000:73030000
11:72295000:73030000	11:73057500:73515000
11:73057500:73515000	11:73907500:74392500
11:73907500:74392500	11:74407500:74713750
11:74407500:74713750	11:74837500:74957500
11:74837500:74957500	11:74962500:75127500
11:74962500:75127500	11:75132500:75260000
11:75132500:75260000	11:75272500:75587500
11:75272500:75587500	11:75592500:76303125
11:75592500:76303125	11:76432500:76670000
11:76432500:76670000	11:77020000:77482500
11:77020000:77482500	11:77631875:78330000
11:77631875:78330000	11:78335000:78835625
11:78335000:78835625	11:78846875:79222500
11:78846875:79222500	11:81425000:82372500
11:81425000:82372500	11:82460000:83065000
11:82460000:83065000	11:84535000:85237500
11:84535000:85237500	11:85462500:86060000
11:85462500:86060000	11:86587500:87065000
11:86587500:87065000	11:87795000:88863125
11:87795000:88863125	11:89147500:89560000
11:89147500:89560000	11:92867500:93343750
11:92867500:93343750	11:93362500:93563750
11:93362500:93563750	11:93601875:93972500
11:93601875:93972500	11:94125625:94650000
11:94125625:94650000	11:94662500:95517500
11:94662500:95517500	11:95522500:96232500
11:95522500:96232500	11:99135000:100365000
11:99135000:100365000	11:103570000:103977500
11:103570000:103977500	11:104780000:105597500
11:104780000:105597500	11:106192500:107185000
11:106192500:107185000	11:107242500:107725000
11:107242500:107725000	11:107800625:108277500
11:107800625:108277500	11:108357500:108670000
11:108357500:108670000	11:110370000:111275000
11:110370000:111275000	11:111365000:111732500
11:111365000:111732500	11:112215000:112432500
11:112215000:112432500	11:113172500:113540000
11:113172500:113540000	11:113625000:114210000
11:113625000:114210000	11:114702500:116562500
11:114702500:116562500	11:116567500:117272500
11:116567500:117272500	11:117612500:117992500
11:117612500:117992500	11:118610000:118870625
11:118610000:118870625	11:119280000:119615000
11:119280000:119615000	11:120185000:120925000
11:120185000:120925000	11:121027500:121580000
11:121027500:121580000	11:122065000:122417500
11:122065000:122417500	11:122422500:122940625
11:122422500:122940625	11:122955000:123265000
11:122955000:123265000	11:123270000:123510000
11:123270000:123510000	11:123652500:124317500
11:123652500:124317500	11:124742500:125125000
11:124742500:125125000	11:126022500:126395000
11:126022500:126395000	11:127877500:128305000
11:127877500:128305000	11:128322500:128825000
11:128322500:128825000	11:128830000:129585000
11:128830000:129585000	11:129597500:130067500
11:129597500:130067500	11:130342500:130832500
11:130342500:130832500	11:133977500:134937572
11:133977500:134937572	12:77500:1117500
12:77500:1117500	12:1122500:1732500
12:1122500:1732500	12:1742500:1912500
12:1742500:1912500	12:1917500:2186250
12:1917500:2186250	12:3356250:3687500
12:3356250:3687500	12:3692500:3950000
12:3692500:3950000	12:3955000:4458750
12:3955000:4458750	12:4892500:6052500
12:4892500:6052500	12:6102500:6417500
12:6102500:6417500	12:6422500:6701250
12:6422500:6701250	12:6735000:6972500
12:6735000:6972500	12:6992500:7287500
12:6992500:7287500	12:7326250:7972500
12:7326250:7972500	12:9260000:9442500
12:9260000:9442500	12:9651250:10387500
12:9651250:10387500	12:10392500:10922500
12:10392500:10922500	12:11630000:12220000
12:11630000:12220000	12:12456250:13000000
12:12456250:13000000	12:13005000:13447500
12:13005000:13447500	12:13535000:14322500
12:13535000:14322500	12:14327500:14912500
12:14327500:14912500	12:14967500:15195000
12:14967500:15195000	12:16807500:17565000
12:16807500:17565000	12:17917500:18032500
12:17917500:18032500	12:18257500:18928750
12:18257500:18928750	12:19542500:20822500
12:19542500:20822500	12:22492500:22942500
12:22492500:22942500	12:24277500:24937500
12:24277500:24937500	12:25012500:25295000
12:25012500:25295000	12:25387500:25607500
12:25387500:25607500	12:26147500:26897500
12:26147500:26897500	12:28552500:28970000
12:28552500:28970000	12:29175000:29692500
12:29175000:29692500	12:30125000:30785000
12:30125000:30785000	12:30790000:31315000
12:30790000:31315000	12:31702500:32193125
12:31702500:32193125	12:32272500:32562500
12:32272500:32562500	12:33095000:35623750
12:33095000:35623750	12:40617500:40847500
12:40617500:40847500	12:42476250:42852500
12:42476250:42852500	12:42912500:44117500
12:42912500:44117500	12:44122500:44332500
12:44122500:44332500	12:46335000:46742500
12:46335000:46742500	12:46780000:47110000
12:46780000:47110000	12:47151250:47392500
12:47151250:47392500	12:47397500:48092500
12:47397500:48092500	12:48347500:49222500
12:48347500:49222500	12:50122500:50280000
12:50122500:50280000	12:50330000:50645000
12:50330000:50645000	12:50787500:51152500
12:50787500:51152500	12:51402500:51807500
12:51402500:51807500	12:52516875:53383750
12:52516875:53383750	12:54345000:54562500
12:54345000:54562500	12:54567500:54982500
12:54567500:54982500	12:55082500:55370000
12:55082500:55370000	12:55375000:55495000
12:55375000:55495000	12:55515000:56102500
12:55515000:56102500	12:56877500:57165000
12:56877500:57165000	12:58375000:59502500
12:58375000:59502500	12:59567500:59782500
12:59567500:59782500	12:62182500:62602500
12:62182500:62602500	12:63590000:64035000
12:63590000:64035000	12:64072500:64562500
12:64072500:64562500	12:64760000:65217500
12:64760000:65217500	12:65240000:65817500
12:65240000:65817500	12:67625000:68557500
12:67625000:68557500	12:70180000:70797500
12:70180000:70797500	12:71357500:71947500
12:71357500:71947500	12:71952500:72360000
12:71952500:72360000	12:72805000:73252500
12:72805000:73252500	12:76699375:76997500
12:76699375:76997500	12:77007500:77482500
12:77007500:77482500	12:78432500:79882500
12:78432500:79882500	12:80032500:80652500
12:80032500:80652500	12:80737500:81760625
12:80737500:81760625	12:81862500:82822500
12:81862500:82822500	12:84110000:84830000
12:84110000:84830000	12:89375000:89927500
12:89375000:89927500	12:89932500:90717500
12:89932500:90717500	12:91025000:91737500
12:91025000:91737500	12:92120000:93072500
12:92120000:93072500	12:93862500:94497500
12:93862500:94497500	12:94502500:94722500
12:94502500:94722500	12:96625000:96987500
12:96625000:96987500	12:97040000:97360000
12:97040000:97360000	12:98780000:99263125
12:98780000:99263125	12:99537500:100210000
12:99537500:100210000	12:100395000:100760000
12:100395000:100760000	12:100765000:101047500
12:100765000:101047500	12:101157500:101535000
12:101157500:101535000	12:102307500:102602500
12:102307500:102602500	12:102645000:102950000
12:102645000:102950000	12:104522500:105507500
12:104522500:105507500	12:105715000:106597500
12:105715000:106597500	12:106602500:106770000
12:106602500:106770000	12:107145000:107397500
12:107145000:107397500	12:107472500:108072500
12:107472500:108072500	12:108250000:108877500
12:108250000:108877500	12:108882500:109660000
12:108882500:109660000	12:109850000:110232500
12:109850000:110232500	12:110487500:110823750
12:110487500:110823750	12:110841875:111334375
12:110841875:111334375	12:111343125:111805000
12:111343125:111805000	12:112027500:112267500
12:112027500:112267500	12:112282500:112932500
12:112282500:112932500	12:114475000:114990625
12:114475000:114990625	12:115219375:115490625
12:115219375:115490625	12:116342500:117284375
12:116342500:117284375	12:117732500:118321250
12:117732500:118321250	12:118397500:118907500
12:118397500:118907500	12:118912500:119535000
12:118912500:119535000	12:119621250:120085000
12:119621250:120085000	12:121185000:121610000
12:121185000:121610000	12:121732500:121917500
12:121732500:121917500	12:123702500:124210625
12:123702500:124210625	12:128970000:129535000
12:128970000:129535000	12:132132500:132716250
12:132132500:132716250	12:133435000:133829036
12:133435000:133829036	13:19257500:19986250
13:19257500:19986250	13:20071875:20565000
13:20071875:20565000	13:20745000:21481250
13:20745000:21481250	13:21505000:22285000
13:21505000:22285000	13:22290000:23493125
13:22290000:23493125	13:23832500:24480000
13:23832500:24480000	13:24567500:24952500
13:24567500:24952500	13:24957500:25157500
13:24957500:25157500	13:25164375:25369375
13:25164375:25369375	13:25545000:25967500
13:25545000:25967500	13:26062500:26427500
13:26062500:26427500	13:26730000:27372500
13:26730000:27372500	13:28875000:29457500
13:28875000:29457500	13:29597500:29772500
13:29597500:29772500	13:30025625:30692500
13:30025625:30692500	13:30757500:31160000
13:30757500:31160000	13:33482500:34582500
13:33482500:34582500	13:34742500:35670000
13:34742500:35670000	13:35675000:36367500
13:35675000:36367500	13:36817500:37372500
13:36817500:37372500	13:41455000:41657500
13:41455000:41657500	13:41680000:41902500
13:41680000:41902500	13:41974375:42962500
13:41974375:42962500	13:43085000:43515000
13:43085000:43515000	13:44646875:45050000
13:44646875:45050000	13:45562500:45907500
13:45562500:45907500	13:47112500:47465000
13:47112500:47465000	13:47485000:48515000
13:47485000:48515000	13:49857500:50445000
13:49857500:50445000	13:50455000:51722500
13:50455000:51722500	13:51842500:52825000
13:51842500:52825000	13:52875000:53087500
13:52875000:53087500	13:53132500:53772500
13:53132500:53772500	13:53925000:55097500
13:53925000:55097500	13:56145000:56622500
13:56145000:56622500	13:59450000:59875000
13:59450000:59875000	13:63872500:64376875
13:63872500:64376875	13:71142500:71775000
13:71142500:71775000	13:76237500:77040000
13:76237500:77040000	13:77045000:77582500
13:77045000:77582500	13:77607500:78115000
13:77607500:78115000	13:78775000:79887500
13:78775000:79887500	13:80145000:81180000
13:80145000:81180000	13:84505000:85225000
13:84505000:85225000	13:86278750:86852500
13:86278750:86852500	13:88905000:89467500
13:88905000:89467500	13:89722500:89982500
13:89722500:89982500	13:91617500:92057500
13:91617500:92057500	13:93820000:94555000
13:93820000:94555000	13:95760000:96122500
13:95760000:96122500	13:96195000:96672500
13:96195000:96672500	13:100372500:101407500
13:100372500:101407500	13:101849375:103145000
13:101849375:103145000	13:103192500:103572500
13:103192500:103572500	13:108700000:109572500
13:108700000:109572500	13:109577500:110780000
13:109577500:110780000	13:111087500:111887500
13:111087500:111887500	13:112468750:112943750
13:112468750:112943750	13:113135000:113578125
13:113135000:113578125	13:113720625:114092500
13:113720625:114092500	13:114761250:115099918
13:114761250:115099918	14:19373750:20680000
14:19373750:20680000	14:20713125:21092500
14:20713125:21092500	14:21157500:21452500
14:21157500:21452500	14:21457500:21607500
14:21457500:21607500	14:21655000:22042500
14:21655000:22042500	14:22047500:22763125
14:22047500:22763125	14:22769375:22995000
14:22769375:22995000	14:23005000:23582500
14:23005000:23582500	14:24137500:24402500
14:24137500:24402500	14:25190000:25572500
14:25190000:25572500	14:27142500:27408750
14:27142500:27408750	14:27665000:28238750
14:27665000:28238750	14:32120000:32592500
14:32120000:32592500	14:33430000:33967500
14:33430000:33967500	14:34975000:35592500
14:34975000:35592500	14:35602500:35940000
14:35602500:35940000	14:35950000:36327500
14:35950000:36327500	14:39165000:39547500
14:39165000:39547500	14:39557500:39973750
14:39557500:39973750	14:39985000:40310000
14:39985000:40310000	14:42902500:43260625
14:42902500:43260625	14:43450000:43890000
14:43450000:43890000	14:45322500:45905000
14:45322500:45905000	14:47640000:48302500
14:47640000:48302500	14:48450000:49940000
14:48450000:49940000	14:50227500:50527500
14:50227500:50527500	14:51165000:51402500
14:51165000:51402500	14:51407500:51745000
14:51407500:51745000	14:51770000:52225000
14:51770000:52225000	14:52237500:52585000
14:52237500:52585000	14:53741875:54727500
14:53741875:54727500	14:54822500:54992500
14:54822500:54992500	14:55037500:55320000
14:55037500:55320000	14:55425000:55910000
14:55425000:55910000	14:55915000:56957500
14:55915000:56957500	14:57135000:58022500
14:57135000:58022500	14:58620000:58925000
14:58620000:58925000	14:58930000:59330000
14:58930000:59330000	14:59560000:59905000
14:59560000:59905000	14:60045000:60417500
14:60045000:60417500	14:60530000:60880000
14:60530000:60880000	14:61050000:61576875
14:61050000:61576875	14:61820000:62395000
14:61820000:62395000	14:62671250:63690000
14:62671250:63690000	14:63820000:64778750
14:63820000:64778750	14:64786250:65250000
14:64786250:65250000	14:65260000:65652500
14:65260000:65652500	14:68016250:68212500
14:68016250:68212500	14:68687500:69337500
14:68687500:69337500	14:69350000:69702500
14:69350000:69702500	14:70035000:70288125
14:70035000:70288125	14:70294375:70682500
14:70294375:70682500	14:71027500:71227500
14:71027500:71227500	14:71555000:72312500
14:71555000:72312500	14:72372500:73402500
14:72372500:73402500	14:73407500:74047500
14:73407500:74047500	14:74115000:74557500
14:74115000:74557500	14:75022500:75277500
14:75022500:75277500	14:75785000:76230000
14:75785000:76230000	14:77257500:77602500
14:77257500:77602500	14:80530000:80957500
14:80530000:80957500	14:81302500:82080000
14:81302500:82080000	14:84167500:84417500
14:84167500:84417500	14:88262500:89157500
14:88262500:89157500	14:89465000:90585000
14:89465000:90585000	14:90657500:91280000
14:90657500:91280000	14:91290000:91780000
14:91290000:91780000	14:92100000:92447500
14:92100000:92447500	14:92475000:93260000
14:92475000:93260000	14:95515000:95890000
14:95515000:95890000	14:96072500:96437500
14:96072500:96437500	14:96722500:96950000
14:96722500:96950000	14:96992500:97610000
14:96992500:97610000	14:97620000:98737500
14:97620000:98737500	14:100410000:100651250
14:100410000:100651250	14:100842500:101185000
14:100842500:101185000	14:101327500:102132500
14:101327500:102132500	14:102137500:102410000
14:102137500:102410000	14:102982500:103415000
14:102982500:103415000	14:105156250:106053125
14:105156250:106053125	14:106064375:106832500
14:106064375:106832500	15:22691250:23338125
15:22691250:23338125	15:29960000:30512500
15:29960000:30512500	15:31412500:31972500
15:31412500:31972500	15:31997500:32566250
15:31997500:32566250	15:32798750:34237500
15:32798750:34237500	15:37757500:38162500
15:37757500:38162500	15:39575000:40037500
15:39575000:40037500	15:40042500:40305000
15:40042500:40305000	15:41190000:41425000
15:41190000:41425000	15:41897500:42126250
15:41897500:42126250	15:42895000:43367500
15:42895000:43367500	15:43490000:43975625
15:43490000:43975625	15:44227500:44472500
15:44227500:44472500	15:44936875:45105625
15:44936875:45105625	15:45111875:45435000
15:45111875:45435000	15:45462500:46020000
15:45462500:46020000	15:46090000:46565000
15:46090000:46565000	15:46630000:47377500
15:46630000:47377500	15:48692500:48792500
15:48692500:48792500	15:49710000:50142500
15:49710000:50142500	15:50152500:50757500
15:50152500:50757500	15:51717500:52435000
15:51717500:52435000	15:52552500:53112500
15:52552500:53112500	15:53117500:54007500
15:53117500:54007500	15:58275000:59185000
15:58275000:59185000	15:59228750:59440000
15:59228750:59440000	15:59445000:60032500
15:59445000:60032500	15:60037500:60900000
15:60037500:60900000	15:61592500:62117500
15:61592500:62117500	15:65805000:66352500
15:65805000:66352500	15:66658750:66847500
15:66658750:66847500	15:66857500:67170000
15:66857500:67170000	15:67212500:67465000
15:67212500:67465000	15:67752500:68122500
15:67752500:68122500	15:68817500:69220000
15:68817500:69220000	15:69277500:69702500
15:69277500:69702500	15:69712500:71135000
15:69712500:71135000	15:71237500:72010000
15:71237500:72010000	15:72025000:72372500
15:72025000:72372500	15:72472500:72944375
15:72472500:72944375	15:72958125:73095000
15:72958125:73095000	15:73100000:73495000
15:73100000:73495000	15:73500000:74137500
15:73500000:74137500	15:74170000:74406875
15:74170000:74406875	15:74427500:74637500
15:74427500:74637500	15:74642500:75275000
15:74642500:75275000	15:75280000:75555625
15:75280000:75555625	15:76035625:76232500
15:76035625:76232500	15:76405000:77085000
15:76405000:77085000	15:77152500:77932500
15:77152500:77932500	15:79610000:79907500
15:79610000:79907500	15:80107500:80595000
15:80107500:80595000	15:80707500:81075625
15:80707500:81075625	15:83052500:83883125
15:83052500:83883125	15:83889375:84968750
15:83889375:84968750	15:85015000:85472500
15:85015000:85472500	15:85793750:86402500
15:85793750:86402500	15:87532500:87790000
15:87532500:87790000	15:88002500:88885000
15:88002500:88885000	15:88937500:89426250
15:88937500:89426250	15:89567500:90090000
15:89567500:90090000	15:90141875:90665000
15:90141875:90665000	15:90830000:91167500
15:90830000:91167500	15:91172500:91573125
15:91172500:91573125	15:92232500:92810000
15:92232500:92810000	15:93272500:93575000
15:93272500:93575000	15:93580000:93912500
15:93580000:93912500	15:94682500:95162500
15:94682500:95162500	15:95245000:96392500
15:95245000:96392500	15:97985000:98332500
15:97985000:98332500	15:98955000:99665000
15:98955000:99665000	15:99747500:100382500
15:99747500:100382500	15:100845000:101157500
15:100845000:101157500	15:101180000:101432500
15:101180000:101432500	15:101437500:101565000
15:101437500:101565000	15:101582500:101835000
15:101582500:101835000	15:101840000:102422500
15:101840000:102422500	16:2944375:3592500
16:2944375:3592500	16:3716250:3980000
16:3716250:3980000	16:4065000:4332500
16:4065000:4332500	16:4796250:5179375
16:4796250:5179375	16:5200000:5635000
16:5200000:5635000	16:6685000:8540000
16:6685000:8540000	16:8572500:9242500
16:8572500:9242500	16:9410000:10410625
16:9410000:10410625	16:10803750:11012500
16:10803750:11012500	16:11017500:11370000
16:11017500:11370000	16:11592500:12165000
16:11592500:12165000	16:12170000:13040000
16:12170000:13040000	16:13070000:13272500
16:13070000:13272500	16:20737500:21411250
16:20737500:21411250	16:21511250:21757500
16:21511250:21757500	16:21768125:22476875
16:21768125:22476875	16:24705000:24868750
16:24705000:24868750	16:27101250:27515000
16:27101250:27515000	16:27660000:28052500
16:27660000:28052500	16:28070000:28383750
16:28070000:28383750	16:28770000:29427500
16:28770000:29427500	16:29592500:30045000
16:29592500:30045000	16:34163750:38077500
16:34163750:38077500	16:43672500:46918125
16:43672500:46918125	16:49022500:49498750
16:49022500:49498750	16:49965000:50427500
16:49965000:50427500	16:50432500:50947500
16:50432500:50947500	16:51732500:52062500
16:51732500:52062500	16:53027500:53592500
16:53027500:53592500	16:55435000:55900000
16:55435000:55900000	16:55937500:56365000
16:55937500:56365000	16:56387500:56732500
16:56387500:56732500	16:57102500:57371250
16:57102500:57371250	16:58702500:59285000
16:58702500:59285000	16:63022500:63335000
16:63022500:63335000	16:63870000:64130000
16:63870000:64130000	16:66421250:66952500
16:66421250:66952500	16:66957500:67240000
16:66957500:67240000	16:67502500:67682500
16:67502500:67682500	16:67687500:67842500
16:67687500:67842500	16:67847500:68342500
16:67847500:68342500	16:69122500:69347500
16:69122500:69347500	16:69370000:70120000
16:69370000:70120000	16:70868750:71220000
16:70868750:71220000	16:71675000:72000000
16:71675000:72000000	16:72142500:72320000
16:72142500:72320000	16:72337500:72720000
16:72337500:72720000	16:72752500:73202500
16:72752500:73202500	16:73402500:74322500
16:73402500:74322500	16:81127500:82017500
16:81127500:82017500	16:83930000:84242500
16:83930000:84242500	16:84500000:84675000
16:84500000:84675000	16:84772500:85185000
16:84772500:85185000	16:86397500:87340000
16:86397500:87340000	16:89297500:89696250
16:89297500:89696250	16:89728750:90152500
16:89728750:90152500	17:10000:685625
17:10000:685625	17:1122500:1572500
17:1122500:1572500	17:2441250:2612500
17:2441250:2612500	17:2911875:3625625
17:2911875:3625625	17:4047500:4368750
17:4047500:4368750	17:4608750:4818750
17:4608750:4818750	17:5440000:6345000
17:5440000:6345000	17:6460000:7097500
17:6460000:7097500	17:7167500:7528750
17:7167500:7528750	17:7605000:7907500
17:7605000:7907500	17:7981250:8207500
17:7981250:8207500	17:8212500:8375000
17:8212500:8375000	17:8412500:9120000
17:8412500:9120000	17:9737500:10305000
17:9737500:10305000	17:11827500:12192500
17:11827500:12192500	17:13337500:14088750
17:13337500:14088750	17:17247500:17548750
17:17247500:17548750	17:17556250:18433125
17:17556250:18433125	17:19082500:19372500
17:19082500:19372500	17:19867500:20276875
17:19867500:20276875	17:24516250:26012500
17:24516250:26012500	17:26017500:26680000
17:26017500:26680000	17:27315000:27452500
17:27315000:27452500	17:27672500:28117500
17:27672500:28117500	17:28127500:28350000
17:28127500:28350000	17:28657500:28951875
17:28657500:28951875	17:29870000:30366250
17:29870000:30366250	17:30960000:31207500
17:30960000:31207500	17:31327500:32365000
17:31327500:32365000	17:32417500:32737500
17:32417500:32737500	17:33252500:33500000
17:33252500:33500000	17:33517500:34095000
17:33517500:34095000	17:34272500:34567500
17:34272500:34567500	17:34930000:36378750
17:34930000:36378750	17:36675000:37345000
17:36675000:37345000	17:37736250:37917500
17:37736250:37917500	17:43241875:43557500
17:43241875:43557500	17:44005000:44473125
17:44005000:44473125	17:45133750:45559375
17:45133750:45559375	17:46232500:46875000
17:46232500:46875000	17:47142500:47628125
17:47142500:47628125	17:47634375:47943750
17:47634375:47943750	17:48132500:48485000
17:48132500:48485000	17:49440000:49952500
17:49440000:49952500	17:52997500:53407500
17:52997500:53407500	17:53470000:53827500
17:53470000:53827500	17:53832500:54812500
17:53832500:54812500	17:54852500:55097500
17:54852500:55097500	17:55187500:55847500
17:55187500:55847500	17:55887500:56285000
17:55887500:56285000	17:56295000:56622500
17:56295000:56622500	17:56727500:57312500
17:56727500:57312500	17:57372500:57572500
17:57372500:57572500	17:57621250:58086875
17:57621250:58086875	17:59990000:60317500
17:59990000:60317500	17:60496875:61590000
17:60496875:61590000	17:61607500:61955000
17:61607500:61955000	17:61965000:62235000
17:61965000:62235000	17:62240000:62832500
17:62240000:62832500	17:62885000:63180000
17:62885000:63180000	17:63567500:64258125
17:63567500:64258125	17:64266875:65027500
17:64266875:65027500	17:65327500:65717500
17:65327500:65717500	17:66045625:66547500
17:66045625:66547500	17:66552500:67460000
17:66552500:67460000	17:68055000:68685000
17:68055000:68685000	17:69172500:70525000
17:69172500:70525000	17:70563750:71430000
17:70563750:71430000	17:71488750:72165000
17:71488750:72165000	17:72326875:72907500
17:72326875:72907500	17:72913125:73237500
17:72913125:73237500	17:73579375:73758750
17:73579375:73758750	17:75262500:75500625
17:75262500:75500625	17:76212500:76453750
17:76212500:76453750	17:76461250:77115000
17:76461250:77115000	17:77702500:77982500
17:77702500:77982500	17:78005000:78380000
17:78005000:78380000	17:78496250:78967500
17:78496250:78967500	17:79232500:79603750
17:79232500:79603750	17:79911875:80673750
17:79911875:80673750	18:62500:612500
18:62500:612500	18:930000:1315000
18:930000:1315000	18:2040000:2532500
18:2040000:2532500	18:2537500:2815000
18:2537500:2815000	18:2820000:3270000
18:2820000:3270000	18:3275000:3782500
18:3275000:3782500	18:4421250:4950000
18:4421250:4950000	18:5012500:5628750
18:5012500:5628750	18:8615000:8987500
18:8615000:8987500	18:9012500:9472500
18:9012500:9472500	18:9522500:9957500
18:9522500:9957500	18:9962500:11632500
18:9962500:11632500	18:11682500:12182500
18:11682500:12182500	18:12647500:13177500
18:12647500:13177500	18:13270000:13922500
18:13270000:13922500	18:17732500:18752500
18:17732500:18752500	18:18787500:19580000
18:18787500:19580000	18:19811250:20395000
18:19811250:20395000	18:20447500:20967500
18:20447500:20967500	18:20995000:21227500
18:20995000:21227500	18:25170000:25805000
18:25170000:25805000	18:26092500:26472500
18:26092500:26472500	18:27270000:27612500
18:27270000:27612500	18:27632500:27835000
18:27632500:27835000	18:31062500:32255000
18:31062500:32255000	18:32340000:32792500
18:32340000:32792500	18:32797500:32970000
18:32797500:32970000	18:32975000:33320000
18:32975000:33320000	18:33325000:33587500
18:33325000:33587500	18:33592500:33762500
18:33592500:33762500	18:33872500:34557500
18:33872500:34557500	18:34673750:34979375
18:34673750:34979375	18:36385000:36767500
18:36385000:36767500	18:36960000:37372500
18:36960000:37372500	18:40317500:40712500
18:40317500:40712500	18:40717500:40882500
18:40717500:40882500	18:40897500:41602500
18:40897500:41602500	18:42022500:43240000
18:42022500:43240000	18:43393125:43692500
18:43393125:43692500	18:43852500:44322500
18:43852500:44322500	18:44552500:45217500
18:44552500:45217500	18:45275000:45697500
18:45275000:45697500	18:46030000:47115000
18:46030000:47115000	18:47167500:47772500
18:47167500:47772500	18:47795000:48007500
18:47795000:48007500	18:51617500:51950000
18:51617500:51950000	18:52442500:52900000
18:52442500:52900000	18:54002500:54252500
18:54002500:54252500	18:54295000:54822500
18:54295000:54822500	18:55227500:55930000
18:55227500:55930000	18:58467500:59007500
18:58467500:59007500	18:59827500:59935000
18:59827500:59935000	18:59975000:60255000
18:59975000:60255000	18:60305000:60665000
18:60305000:60665000	18:60670000:61137500
18:60670000:61137500	18:61142500:61737500
18:61142500:61737500	18:62582500:63382500
18:62582500:63382500	18:64390000:64785000
18:64390000:64785000	18:67102500:67650000
18:67102500:67650000	18:67972500:68177500
18:67972500:68177500	18:68607500:69322500
18:68607500:69322500	18:70497500:71225000
18:70497500:71225000	18:72537500:73027500
18:72537500:73027500	18:74035000:74477500
18:74035000:74477500	18:74490000:74964375
18:74490000:74964375	18:75682500:76202500
18:75682500:76202500	18:77441250:78002741
18:77441250:78002741	19:1813750:2382500
19:1813750:2382500	19:5572500:5728750
19:5572500:5728750	19:8395625:8845000
19:8395625:8845000	19:10555000:11046250
19:10555000:11046250	19:11715000:12763750
19:11715000:12763750	19:15212500:15672500
19:15212500:15672500	19:15677500:16135000
19:15677500:16135000	19:16340000:16810000
19:16340000:16810000	19:16815000:17459375
19:16815000:17459375	19:17695000:18045000
19:17695000:18045000	19:19756250:20523125
19:19756250:20523125	19:22555000:22852500
19:22555000:22852500	19:38683125:39454375
19:38683125:39454375	19:40387500:40767500
19:40387500:40767500	19:43865000:44310000
19:43865000:44310000	19:44315000:45071875
19:44315000:45071875	19:46522500:46872500
19:46522500:46872500	19:47065000:47522500
19:47065000:47522500	19:47527500:47844375
19:47527500:47844375	19:47923750:48320000
19:47923750:48320000	19:48345000:48582500
19:48345000:48582500	19:52310000:52585000
19:52310000:52585000	19:52590000:52764375
19:52590000:52764375	19:52773125:54245625
19:52773125:54245625	19:54271875:54607500
19:54271875:54607500	19:54905000:55510000
19:54905000:55510000	19:55725000:56002500
19:55725000:56002500	19:56206250:56480000
19:56206250:56480000	19:56545000:56837500
19:56545000:56837500	19:56875000:57592500
19:56875000:57592500	2:13125:665000
2:13125:665000	2:3020000:3347500
2:3020000:3347500	2:4007500:4635000
2:4007500:4635000	2:5120000:5427500
2:5120000:5427500	2:6860000:7225000
2:6860000:7225000	2:7525000:7820000
2:7525000:7820000	2:8115000:8882500
2:8115000:8882500	2:8962500:9287500
2:8962500:9287500	2:10111250:10626250
2:10111250:10626250	2:11222500:11710000
2:11222500:11710000	2:11877500:13255000
2:11877500:13255000	2:18760000:19215000
2:18760000:19215000	2:20062500:20345000
2:20062500:20345000	2:20395000:21065000
2:20395000:21065000	2:21085000:21280000
2:21085000:21280000	2:23945000:24347500
2:23945000:24347500	2:24602500:25096875
2:24602500:25096875	2:27150000:27540000
2:27150000:27540000	2:27897500:28777500
2:27897500:28777500	2:29550000:29862500
2:29550000:29862500	2:29892500:30270000
2:29892500:30270000	2:30285000:30935000
2:30285000:30935000	2:30940000:31627500
2:30940000:31627500	2:32037500:32702500
2:32037500:32702500	2:32880000:33812500
2:32880000:33812500	2:34500000:34691875
2:34500000:34691875	2:35490000:35910000
2:35490000:35910000	2:36062500:36442500
2:36062500:36442500	2:38172500:38532500
2:38172500:38532500	2:38787500:39095000
2:38787500:39095000	2:40110000:41057500
2:40110000:41057500	2:41190000:42082500
2:41190000:42082500	2:42277500:42710625
2:42277500:42710625	2:42782500:43050000
2:42782500:43050000	2:43055000:43875625
2:43055000:43875625	2:43881875:44027500
2:43881875:44027500	2:44150000:44640000
2:44150000:44640000	2:45171250:45852500
2:45171250:45852500	2:45857500:46180000
2:45857500:46180000	2:46185000:46677500
2:46185000:46677500	2:47122500:47618750
2:47122500:47618750	2:47977500:48327500
2:47977500:48327500	2:48332500:48822500
2:48332500:48822500	2:50747500:52040000
2:50747500:52040000	2:53905000:54675000
2:53905000:54675000	2:55187500:55972500
2:55187500:55972500	2:55977500:56305000
2:55977500:56305000	2:57805000:58467500
2:57805000:58467500	2:59915000:60517500
2:59915000:60517500	2:60522500:60920000
2:60522500:60920000	2:60930000:61405000
2:60930000:61405000	2:62072500:62655000
2:62072500:62655000	2:62660000:63015000
2:62660000:63015000	2:63020000:63317500
2:63020000:63317500	2:64130000:64552500
2:64130000:64552500	2:64557500:64740000
2:64557500:64740000	2:65525000:65815000
2:65525000:65815000	2:68252500:68677500
2:68252500:68677500	2:68682500:69190000
2:68682500:69190000	2:69210000:69670000
2:69210000:69670000	2:70562500:70892500
2:70562500:70892500	2:73150000:73487500
2:73150000:73487500	2:73890000:74645000
2:73890000:74645000	2:74657500:74883750
2:74657500:74883750	2:74891250:75135000
2:74891250:75135000	2:75257500:75995000
2:75257500:75995000	2:76070000:76550000
2:76070000:76550000	2:76568750:77510000
2:76568750:77510000	2:78937500:79522500
2:78937500:79522500	2:80562500:80755000
2:80562500:80755000	2:84037500:84287500
2:84037500:84287500	2:84647500:85100000
2:84647500:85100000	2:85117500:85492500
2:85117500:85492500	2:85520000:85815625
2:85520000:85815625	2:85851250:86065000
2:85851250:86065000	2:86070000:86457500
2:86070000:86457500	2:86526250:87370000
2:86526250:87370000	2:87990000:88480000
2:87990000:88480000	2:88490000:90630000
2:88490000:90630000	2:94640000:96044375
2:94640000:96044375	2:96552500:97832500
2:96552500:97832500	2:99010000:99235000
2:99010000:99235000	2:99240000:99485000
2:99240000:99485000	2:99954375:100128125
2:99954375:100128125	2:101572500:102465000
2:101572500:102465000	2:102470000:102625000
2:102470000:102625000	2:102630000:103532500
2:102630000:103532500	2:108548125:108962500
2:108548125:108962500	2:109035000:109321250
2:109035000:109321250	2:109582500:110586250
2:109582500:110586250	2:110778750:111090000
2:110778750:111090000	2:111290000:112518750
2:111290000:112518750	2:113497500:113810000
2:113497500:113810000	2:113815000:114226250
2:113815000:114226250	2:114358750:114780000
2:114358750:114780000	2:118917500:119657500
2:118917500:119657500	2:120055000:120258750
2:120055000:120258750	2:120967500:121511875
2:120967500:121511875	2:126385000:126945000
2:126385000:126945000	2:128787500:129000000
2:128787500:129000000	2:129182500:129565000
2:129182500:129565000	2:129600000:130819375
2:129600000:130819375	2:131401250:132034375
2:131401250:132034375	2:132741250:134512500
2:132741250:134512500	2:134795000:135662500
2:134795000:135662500	2:137872500:138572500
2:137872500:138572500	2:138627500:139675000
2:138627500:139675000	2:140150000:141057500
2:140150000:141057500	2:142752500:143582500
2:142752500:143582500	2:143685000:144050000
2:143685000:144050000	2:144877500:146227500
2:144877500:146227500	2:148597500:149262500
2:148597500:149262500	2:149827500:150502500
2:149827500:150502500	2:150507500:151807500
2:150507500:151807500	2:152075000:152306250
2:152075000:152306250	2:152365000:152887500
2:152365000:152887500	2:152897500:153650000
2:152897500:153650000	2:153655000:154547500
2:153655000:154547500	2:154975000:155147500
2:154975000:155147500	2:156982500:158080000
2:156982500:158080000	2:158862500:159717500
2:158862500:159717500	2:160057500:160915000
2:160057500:160915000	2:162346875:162807500
2:162346875:162807500	2:163017500:163270000
2:163017500:163270000	2:163275000:163480000
2:163275000:163480000	2:164655000:165307500
2:164655000:165307500	2:169022500:169777500
2:169022500:169777500	2:169782500:170085000
2:169782500:170085000	2:170362500:170925000
2:170362500:170925000	2:171070000:171523750
2:171070000:171523750	2:171742500:172340000
2:171742500:172340000	2:172400000:173000000
2:172400000:173000000	2:173022500:173540000
2:173022500:173540000	2:173832500:174247500
2:173832500:174247500	2:174385000:174584375
2:174385000:174584375	2:174595000:175227500
2:174595000:175227500	2:175268750:175617500
2:175268750:175617500	2:175622500:176065000
2:175622500:176065000	2:177935000:178775000
2:177935000:178775000	2:180395000:180799375
2:180395000:180799375	2:180965000:181810000
2:180965000:181810000	2:181835000:182422500
2:181835000:182422500	2:182965000:183515000
2:182965000:183515000	2:183550000:184105000
2:183550000:184105000	2:184930000:186262500
2:184930000:186262500	2:187290000:187850000
2:187290000:187850000	2:188092500:188412500
2:188092500:188412500	2:189930000:190210000
2:189930000:190210000	2:190650000:191223125
2:190650000:191223125	2:191315000:191630000
2:191315000:191630000	2:191680000:191932500
2:191680000:191932500	2:192365000:192642500
2:192365000:192642500	2:196377500:196815000
2:196377500:196815000	2:196887500:197190000
2:196887500:197190000	2:197207500:197620000
2:197207500:197620000	2:198565000:199250000
2:198565000:199250000	2:199255000:200217500
2:199255000:200217500	2:200751875:201337500
2:200751875:201337500	2:201357500:201535000
2:201357500:201535000	2:201640000:202103125
2:201640000:202103125	2:202127500:202352500
2:202127500:202352500	2:202362500:203150000
2:202362500:203150000	2:206635000:206852500
2:206635000:206852500	2:207272500:207537500
2:207272500:207537500	2:207542500:207790000
2:207542500:207790000	2:207807500:208397500
2:207807500:208397500	2:210787500:211165000
2:210787500:211165000	2:215525000:216120000
2:215525000:216120000	2:216165000:216512500
2:216165000:216512500	2:216847500:217437500
2:216847500:217437500	2:217520000:218635000
2:217520000:218635000	2:218640000:218870000
2:218640000:218870000	2:219851250:220022500
2:219851250:220022500	2:220027500:220511250
2:220027500:220511250	2:220612500:220925000
2:220612500:220925000	2:222640000:222882500
2:222640000:222882500	2:223155000:223485000
2:223155000:223485000	2:223490000:223867500
2:223490000:223867500	2:224832500:225160000
2:224832500:225160000	2:225172500:225660000
2:225172500:225660000	2:225665000:225965000
2:225665000:225965000	2:226482500:228037500
2:226482500:228037500	2:228160000:228810000
2:228160000:228810000	2:229457500:229760000
2:229457500:229760000	2:229797500:230607500
2:229797500:230607500	2:230612500:231870000
2:230612500:231870000	2:232712500:233372500
2:232712500:233372500	2:233385000:233901250
2:233385000:233901250	2:233964375:234505000
2:233964375:234505000	2:235302500:235835000
2:235302500:235835000	2:237186875:238290000
2:237186875:238290000	2:238482500:238687500
2:238482500:238687500	2:239952500:241050000
2:239952500:241050000	2:242080000:243027500
2:242080000:243027500	20:57500:712500
20:57500:712500	20:735000:965000
20:735000:965000	20:1720000:2177500
20:1720000:2177500	20:3651875:4197500
20:3651875:4197500	20:5215000:5462500
20:5215000:5462500	20:5467500:6097500
20:5467500:6097500	20:6102500:6570000
20:6102500:6570000	20:6715000:7417500
20:6715000:7417500	20:7855000:8870000
20:7855000:8870000	20:14087500:14430000
20:14087500:14430000	20:14945000:15188125
20:14945000:15188125	20:16197500:17220625
20:16197500:17220625	20:17435000:18130000
20:17435000:18130000	20:18407500:18800000
20:18407500:18800000	20:19145000:19725000
20:19145000:19725000	20:19735000:20080000
20:19735000:20080000	20:20412500:20830000
20:20412500:20830000	20:20835000:21625000
20:20835000:21625000	20:21830000:22182500
20:21830000:22182500	20:24907500:26083125
20:24907500:26083125	20:29783750:29993125
20:29783750:29993125	20:30322500:31306250
20:30322500:31306250	20:31950000:32222500
20:31950000:32222500	20:32237500:32857500
20:32237500:32857500	20:32862500:33382500
20:32862500:33382500	20:33387500:33870000
20:33387500:33870000	20:34071250:34562500
20:34071250:34562500	20:35049375:35594375
20:35049375:35594375	20:35633125:36040000
20:35633125:36040000	20:36045625:36207500
20:36045625:36207500	20:36237500:36592500
20:36237500:36592500	20:36597500:37095000
20:36597500:37095000	20:38730000:39365000
20:38730000:39365000	20:39597500:39797500
20:39597500:39797500	20:40355000:40627500
20:40355000:40627500	20:42331250:42832500
20:42331250:42832500	20:42960000:43280000
20:42960000:43280000	20:44181875:44437500
20:44181875:44437500	20:44727500:45202500
20:44727500:45202500	20:45830000:46063750
20:45830000:46063750	20:46242500:46455625
20:46242500:46455625	20:46545000:47203750
20:46545000:47203750	20:47221250:47560000
20:47221250:47560000	20:47565000:47957500
20:47565000:47957500	20:47962500:48177500
20:47962500:48177500	20:48195625:48578750
20:48195625:48578750	20:48697500:49267500
20:48697500:49267500	20:49397500:49607500
20:49397500:49607500	20:49622500:49954375
20:49622500:49954375	20:52160000:52895000
20:52160000:52895000	20:54890000:55220000
20:54890000:55220000	20:55832500:56077500
20:55832500:56077500	20:56782500:57042500
20:56782500:57042500	20:57157500:57451250
20:57157500:57451250	20:57478125:58012500
20:57478125:58012500	20:58322500:58877500
20:58322500:58877500	20:58920000:59129375
20:58920000:59129375	20:59247500:60535000
20:59247500:60535000	20:60540625:60945000
20:60540625:60945000	20:62102500:62912500
20:62102500:62912500	21:14406875:16132500
21:14406875:16132500	21:16147500:16452500
21:16147500:16452500	21:18737500:19332500
21:18737500:19332500	21:20742500:21210000
21:20742500:21210000	21:21965000:22243750
21:21965000:22243750	21:25997500:26917500
21:25997500:26917500	21:26992500:27580000
21:26992500:27580000	21:27681250:28142500
21:27681250:28142500	21:28215000:28375000
21:28215000:28375000	21:28542500:29310625
21:28542500:29310625	21:30240000:30870000
21:30240000:30870000	21:32960000:33650000
21:32960000:33650000	21:34557500:35030000
21:34557500:35030000	21:35142500:35747500
21:35142500:35747500	21:35797500:36047500
21:35797500:36047500	21:36062500:36435000
21:36062500:36435000	21:36460000:37417500
21:36460000:37417500	21:38397500:38960000
21:38397500:38960000	21:38972500:39510000
21:38972500:39510000	21:39515000:39970000
21:39515000:39970000	21:40037500:40907500
21:40037500:40907500	21:42492500:42875000
21:42492500:42875000	21:43085000:43227500
21:43085000:43227500	21:43550000:43892500
21:43550000:43892500	21:44567500:44880000
21:44567500:44880000	21:44900000:45179375
21:44900000:45179375	21:45512500:45716250
21:45512500:45716250	21:45855000:46232500
21:45855000:46232500	21:46346250:46602500
21:46346250:46602500	21:46860000:47670000
21:46860000:47670000	22:17392500:18090000
22:17392500:18090000	22:18856250:19505000
22:18856250:19505000	22:22000000:22312500
22:22000000:22312500	22:22327500:22617500
22:22327500:22617500	22:22988750:23472500
22:22988750:23472500	22:23477500:23857500
22:23477500:23857500	22:25565000:26195000
22:25565000:26195000	22:26770000:27105625
22:26770000:27105625	22:27111875:27520000
22:27111875:27520000	22:27542500:27767500
22:27542500:27767500	22:28202500:28422500
22:28202500:28422500	22:28440000:29085000
22:28440000:29085000	22:29760000:30487500
22:29760000:30487500	22:30492500:30935000
22:30492500:30935000	22:31310000:31785000
22:31310000:31785000	22:32392500:32695000
22:32392500:32695000	22:34505000:35252500
22:34505000:35252500	22:35555000:36032500
22:35555000:36032500	22:36102500:36522500
22:36102500:36522500	22:36565000:36952500
22:36565000:36952500	22:37140000:37519375
22:37140000:37519375	22:37540000:37962500
22:37540000:37962500	22:38376875:38832500
22:38376875:38832500	22:39250000:39569375
22:39250000:39569375	22:39937500:40275000
22:39937500:40275000	22:40322500:40803750
22:40322500:40803750	22:40817500:41210000
22:40817500:41210000	22:41302500:41717500
22:41302500:41717500	22:41757500:41965000
22:41757500:41965000	22:42032500:42335000
22:42032500:42335000	22:42340000:43062500
22:42340000:43062500	22:43112500:43615000
22:43112500:43615000	22:43832500:44240000
22:43832500:44240000	22:44342500:45177500
22:44342500:45177500	22:46027500:46343750
22:46027500:46343750	22:46361250:46760000
22:46361250:46760000	22:47765000:48687500
22:47765000:48687500	22:50135000:50703125
22:50135000:50703125	22:50770000:51205000
22:50770000:51205000	3:57500:1480000
3:57500:1480000	3:2205000:2775000
3:2205000:2775000	3:3272500:4300000
3:3272500:4300000	3:4305000:4702500
3:4305000:4702500	3:4707500:5300000
3:4707500:5300000	3:5305000:5822500
3:5305000:5822500	3:9382500:9667500
3:9382500:9667500	3:9680000:10382500
3:9680000:10382500	3:11120000:11757500
3:11120000:11757500	3:12107500:12555000
3:12107500:12555000	3:12587500:12888750
3:12587500:12888750	3:12896250:13147500
3:12896250:13147500	3:13167500:13733125
3:13167500:13733125	3:15170000:15461875
3:15170000:15461875	3:15660000:16382500
3:15660000:16382500	3:16595000:17177500
3:16595000:17177500	3:17502500:17915000
3:17502500:17915000	3:18432500:19065000
3:18432500:19065000	3:19890000:20407500
3:19890000:20407500	3:20732500:21392500
3:20732500:21392500	3:24581875:25422500
3:24581875:25422500	3:25572500:25947500
3:25572500:25947500	3:25982500:26172500
3:25982500:26172500	3:27387500:27725000
3:27387500:27725000	3:28835000:30032500
3:28835000:30032500	3:30037500:30900000
3:30037500:30900000	3:32992500:33520000
3:32992500:33520000	3:33530000:33967500
3:33530000:33967500	3:34742500:35635000
3:34742500:35635000	3:36695000:37000000
3:36695000:37000000	3:37032500:37320000
3:37032500:37320000	3:37452500:37842500
3:37452500:37842500	3:39067500:39480000
3:39067500:39480000	3:40145000:40367500
3:40145000:40367500	3:40377500:40592500
3:40377500:40592500	3:41905000:42537500
3:41905000:42537500	3:42542500:42865000
3:42542500:42865000	3:42885000:43873750
3:42885000:43873750	3:43881250:44260000
3:43881250:44260000	3:44307500:44552500
3:44307500:44552500	3:46880000:47455000
3:46880000:47455000	3:47567500:47888125
3:47567500:47888125	3:47906250:48120000
3:47906250:48120000	3:48151250:48770000
3:48151250:48770000	3:50419375:51520000
3:50419375:51520000	3:51525000:51954375
3:51525000:51954375	3:51968125:52515000
3:51968125:52515000	3:52730000:53107500
3:52730000:53107500	3:53410000:53972500
3:53410000:53972500	3:55250000:55457500
3:55250000:55457500	3:56547500:57068750
3:56547500:57068750	3:57122500:57390000
3:57122500:57390000	3:58236875:58568750
3:58236875:58568750	3:58576250:59110000
3:58576250:59110000	3:59527500:59897500
3:59527500:59897500	3:60450000:61497500
3:60450000:61497500	3:62560000:63247500
3:62560000:63247500	3:63277500:63782500
3:63277500:63782500	3:63822500:64007500
3:63822500:64007500	3:64135000:64502500
3:64135000:64502500	3:64515000:65960000
3:64515000:65960000	3:66248750:66652500
3:66248750:66652500	3:67385000:67807500
3:67385000:67807500	3:69005000:69485000
3:69005000:69485000	3:70982500:71737500
3:70982500:71737500	3:71742500:71917500
3:71742500:71917500	3:71922500:72367500
3:71922500:72367500	3:72387500:73177500
3:72387500:73177500	3:73207500:73607500
3:73207500:73607500	3:75832500:76225000
3:75832500:76225000	3:81435000:82292500
3:81435000:82292500	3:83426250:83620000
3:83426250:83620000	3:85092500:85305000
3:85092500:85305000	3:87077500:88470000
3:87077500:88470000	3:101390000:101972500
3:101390000:101972500	3:101977500:102483125
3:101977500:102483125	3:104247500:105040000
3:104247500:105040000	3:105045000:105357500
3:105045000:105357500	3:105362500:105702500
3:105362500:105702500	3:106390000:106900000
3:106390000:106900000	3:106972500:107605000
3:106972500:107605000	3:107657500:108427500
3:107657500:108427500	3:108522500:109087500
3:108522500:109087500	3:109158750:109502500
3:109158750:109502500	3:111227500:111790000
3:111227500:111790000	3:111910000:112320000
3:111910000:112320000	3:112387500:112747500
3:112387500:112747500	3:112752500:113157500
3:112752500:113157500	3:115027500:115617500
3:115027500:115617500	3:116435000:117472500
3:116435000:117472500	3:119248750:120557500
3:119248750:120557500	3:120629375:121137500
3:120629375:121137500	3:121165000:121592500
3:121165000:121592500	3:123020000:123420000
3:123020000:123420000	3:124884375:125537500
3:124884375:125537500	3:126739375:127220000
3:126739375:127220000	3:127247500:127737500
3:127247500:127737500	3:127742500:128317500
3:127742500:128317500	3:128327500:128605000
3:128327500:128605000	3:128685000:129087500
3:128685000:129087500	3:129886250:130307500
3:129886250:130307500	3:132465000:133133750
3:132465000:133133750	3:133149375:133447500
3:133149375:133447500	3:133452500:133795000
3:133452500:133795000	3:135737500:136800000
3:135737500:136800000	3:137707500:138280000
3:137707500:138280000	3:138285000:138720000
3:138285000:138720000	3:138765000:139127500
3:138765000:139127500	3:139577500:140630000
3:139577500:140630000	3:140635000:140912500
3:140635000:140912500	3:140917500:141170000
3:140917500:141170000	3:141660000:142032500
3:141660000:142032500	3:142485000:142772500
3:142485000:142772500	3:142777500:143052500
3:142777500:143052500	3:143114375:143417500
3:143114375:143417500	3:143437500:143715000
3:143437500:143715000	3:143742500:144487500
3:143742500:144487500	3:145755000:146532500
3:145755000:146532500	3:149015000:149207500
3:149015000:149207500	3:149402500:149692500
3:149402500:149692500	3:149767500:150080000
3:149767500:150080000	3:150085000:150267500
3:150085000:150267500	3:150875000:151152500
3:150875000:151152500	3:151157500:151682500
3:151157500:151682500	3:151687500:152302500
3:151687500:152302500	3:154260000:155157500
3:154260000:155157500	3:156200000:156857500
3:156200000:156857500	3:157492500:158350000
3:157492500:158350000	3:158355000:158577500
3:158355000:158577500	3:158722500:159462500
3:158722500:159462500	3:159507500:160052500
3:159507500:160052500	3:160552500:161160000
3:160552500:161160000	3:163500000:164215000
3:163500000:164215000	3:166617500:166978750
3:166617500:166978750	3:168835000:169432500
3:168835000:169432500	3:169450000:170187500
3:169450000:170187500	3:170825000:171317500
3:170825000:171317500	3:171322500:172552500
3:171322500:172552500	3:175900000:176155000
3:175900000:176155000	3:176367500:176550000
3:176367500:176550000	3:176555000:177522500
3:176555000:177522500	3:177527500:178697500
3:177527500:178697500	3:180107500:180272500
3:180107500:180272500	3:181022500:181442500
3:181022500:181442500	3:181572500:182412500
3:181572500:182412500	3:182660000:183132500
3:182660000:183132500	3:183145000:183612500
3:183145000:183612500	3:183647500:184097500
3:183647500:184097500	3:184242500:184527500
3:184242500:184527500	3:184537500:184692500
3:184537500:184692500	3:185346250:185547500
3:185346250:185547500	3:186545000:186910000
3:186545000:186910000	3:189702500:190817500
3:189702500:190817500	3:192805000:193180000
3:192805000:193180000	3:193210000:194122500
3:193210000:194122500	3:196270000:196693750
3:196270000:196693750	4:22500:522500
4:22500:522500	4:1043750:1512500
4:1043750:1512500	4:2162500:2722500
4:2162500:2722500	4:2727500:3290000
4:2727500:3290000	4:4051875:4332500
4:4051875:4332500	4:4337500:4582500
4:4337500:4582500	4:6526875:7170000
4:6526875:7170000	4:9331250:10590000
4:9331250:10590000	4:10725000:11047500
4:10725000:11047500	4:11347500:11767500
4:11347500:11767500	4:11845000:12725000
4:11845000:12725000	4:12730000:13403125
4:12730000:13403125	4:13417500:13667500
4:13417500:13667500	4:13693750:14827500
4:13693750:14827500	4:14832500:15180000
4:14832500:15180000	4:15205000:15485000
4:15205000:15485000	4:15575000:15782500
4:15575000:15782500	4:16015000:16390000
4:16015000:16390000	4:18720625:19135000
4:18720625:19135000	4:20227500:20547500
4:20227500:20547500	4:20832500:21095000
4:20832500:21095000	4:21752500:22285000
4:21752500:22285000	4:22977500:23815000
4:22977500:23815000	4:25157500:25578750
4:25157500:25578750	4:25740000:26467500
4:25740000:26467500	4:26522500:27100000
4:26522500:27100000	4:27505000:28491250
4:27505000:28491250	4:33360000:33827500
4:33360000:33827500	4:33855000:34155000
4:33855000:34155000	4:36005000:36477500
4:36005000:36477500	4:36615000:37542500
4:36615000:37542500	4:37552500:38057500
4:37552500:38057500	4:38110000:38747500
4:38110000:38747500	4:38757500:38885000
4:38757500:38885000	4:38932500:39447500
4:38932500:39447500	4:39460000:40040000
4:39460000:40040000	4:40050000:40320000
4:40050000:40320000	4:40325000:40987500
4:40325000:40987500	4:41022500:41710000
4:41022500:41710000	4:41902500:42312500
4:41902500:42312500	4:44480000:44672500
4:44480000:44672500	4:47306250:48005000
4:47306250:48005000	4:51897500:53240000
4:51897500:53240000	4:54732500:55152500
4:54732500:55152500	4:55195000:56180000
4:55195000:56180000	4:56205000:56687500
4:56205000:56687500	4:56692500:57745000
4:56692500:57745000	4:58402500:58555000
4:58402500:58555000	4:59962500:60287500
4:59962500:60287500	4:64960000:65170000
4:64960000:65170000	4:69540000:70122500
4:69540000:70122500	4:71540000:71942500
4:71540000:71942500	4:73446250:73872500
4:73446250:73872500	4:74369375:75181875
4:74369375:75181875	4:75566875:76360000
4:75566875:76360000	4:76372500:76807500
4:76372500:76807500	4:77070625:77330000
4:77070625:77330000	4:77345000:77920000
4:77345000:77920000	4:77947500:78255000
4:77947500:78255000	4:79034375:79227500
4:79034375:79227500	4:79420000:79912500
4:79420000:79912500	4:80802500:81305000
4:80802500:81305000	4:81472500:81872500
4:81472500:81872500	4:84417500:84602500
4:84417500:84602500	4:84617500:85492500
4:84617500:85492500	4:85522500:85907500
4:85522500:85907500	4:87792500:88022500
4:87792500:88022500	4:88057500:88207500
4:88057500:88207500	4:88505000:89131250
4:88505000:89131250	4:89717500:90027500
4:89717500:90027500	4:90062500:90382500
4:90062500:90382500	4:91715000:92132500
4:91715000:92132500	4:93907500:94168750
4:93907500:94168750	4:95097500:95665000
4:95097500:95665000	4:97457500:98277500
4:97457500:98277500	4:98972500:99815000
4:98972500:99815000	4:99820000:100012500
4:99820000:100012500	4:103250000:104152500
4:103250000:104152500	4:104162500:104812500
4:104162500:104812500	4:104817500:105192500
4:104817500:105192500	4:106835000:107280000
4:106835000:107280000	4:107297500:108411250
4:107297500:108411250	4:110285000:110945000
4:110285000:110945000	4:112935000:113710625
4:112935000:113710625	4:113726875:114865000
4:113726875:114865000	4:119469375:119792500
4:119469375:119792500	4:121025000:121450000
4:121025000:121450000	4:121575000:122222500
4:121575000:122222500	4:123086875:123345000
4:123086875:123345000	4:123897500:124742500
4:123897500:124742500	4:127282500:127832500
4:127282500:127832500	4:127850000:128390000
4:127850000:128390000	4:138925000:139814375
4:138925000:139814375	4:139845000:140230000
4:139845000:140230000	4:140235000:140515000
4:140235000:140515000	4:140530000:140912500
4:140530000:140912500	4:140940000:141537500
4:140940000:141537500	4:142410000:143265625
4:142410000:143265625	4:144072500:144827500
4:144072500:144827500	4:144916875:145840625
4:144916875:145840625	4:145937500:146402500
4:145937500:146402500	4:148495000:148830000
4:148495000:148830000	4:151167500:151952500
4:151167500:151952500	4:152137500:153185000
4:152137500:153185000	4:153232500:153702500
4:153232500:153702500	4:153707500:154110000
4:153707500:154110000	4:154212500:154775000
4:154212500:154775000	4:156950000:158097500
4:156950000:158097500	4:159392500:159567500
4:159392500:159567500	4:159572500:160407500
4:159572500:160407500	4:161047500:161330000
4:161047500:161330000	4:162255000:162768750
4:162255000:162768750	4:163992500:164415000
4:163992500:164415000	4:169057500:169595000
4:169057500:169595000	4:170713750:171065000
4:170713750:171065000	4:173867500:174437500
4:173867500:174437500	4:175140000:175722500
4:175140000:175722500	4:178117500:178465000
4:178117500:178465000	4:178510000:178941250
4:178510000:178941250	4:183977500:184337500
4:183977500:184337500	4:184342500:184642500
4:184342500:184642500	4:185072500:185607500
4:185072500:185607500	4:185662500:185985000
4:185662500:185985000	4:186130000:186387500
4:186130000:186387500	4:187343750:187757500
4:187343750:187757500	4:187887500:188412500
4:187887500:188412500	4:189462500:191024524
4:189462500:191024524	5:3662500:4120000
5:3662500:4120000	5:4145000:4657500
5:4145000:4657500	5:6580000:6825000
5:6580000:6825000	5:7269375:7620625
5:7269375:7620625	5:8070000:8742500
5:8070000:8742500	5:9490000:10167500
5:9490000:10167500	5:12182500:12652500
5:12182500:12652500	5:12920000:13930000
5:12920000:13930000	5:14319375:14927500
5:14319375:14927500	5:16430000:16735000
5:16430000:16735000	5:17195000:17533125
5:17195000:17533125	5:17579375:18435000
5:17579375:18435000	5:20277500:20790625
5:20277500:20790625	5:20863750:21302500
5:20863750:21302500	5:21503750:21911875
5:21503750:21911875	5:22119375:22732500
5:22119375:22732500	5:29447500:29728125
5:29447500:29728125	5:32125000:32661250
5:32125000:32661250	5:33350000:34209375
5:33350000:34209375	5:34362500:35017500
5:34362500:35017500	5:35095000:35622500
5:35095000:35622500	5:35765000:36017500
5:35765000:36017500	5:36045000:37447500
5:36045000:37447500	5:37460000:38400000
5:37460000:38400000	5:38410000:38877500
5:38410000:38877500	5:38897500:39502500
5:38897500:39502500	5:40910000:41665000
5:40910000:41665000	5:41740000:42817500
5:41740000:42817500	5:42880000:43730000
5:42880000:43730000	5:48693750:50205000
5:48693750:50205000	5:51947500:52482500
5:51947500:52482500	5:53510000:53725000
5:53510000:53725000	5:53737500:54577500
5:53737500:54577500	5:57742500:58282500
5:57742500:58282500	5:58375000:58997500
5:58375000:58997500	5:59102500:59747500
5:59102500:59747500	5:60002500:61185000
5:60002500:61185000	5:61727500:62090000
5:61727500:62090000	5:62447500:63015000
5:62447500:63015000	5:63045000:63462500
5:63045000:63462500	5:63495000:63778125
5:63495000:63778125	5:63877500:64797500
5:63877500:64797500	5:64802500:65525000
5:64802500:65525000	5:65625000:66602500
5:65625000:66602500	5:68366875:69297500
5:68366875:69297500	5:70222500:71425000
5:70222500:71425000	5:74445000:75057500
5:74445000:75057500	5:75547500:75890000
5:75547500:75890000	5:76160000:76455000
5:76160000:76455000	5:76982500:77277500
5:76982500:77277500	5:77290000:77627500
5:77290000:77627500	5:77662500:78485000
5:77662500:78485000	5:78887500:79197500
5:78887500:79197500	5:79345000:79672500
5:79345000:79672500	5:79792500:80062500
5:79792500:80062500	5:80510000:81617500
5:80510000:81617500	5:82290000:83004375
5:82290000:83004375	5:86852500:87140625
5:86852500:87140625	5:87962500:89532500
5:87962500:89532500	5:89682500:89968125
5:89682500:89968125	5:90112500:90362500
5:90112500:90362500	5:90372500:90812500
5:90372500:90812500	5:91960000:92910000
5:91960000:92910000	5:94157500:94852500
5:94157500:94852500	5:95192500:95965000
5:95192500:95965000	5:96047500:96575000
5:96047500:96575000	5:98162500:98550000
5:98162500:98550000	5:99207500:99414375
5:99207500:99414375	5:99423125:99640000
5:99423125:99640000	5:99645000:100615000
5:99645000:100615000	5:101232500:101520000
5:101232500:101520000	5:101525000:101827500
5:101525000:101827500	5:101882500:102900000
5:101882500:102900000	5:103437500:103665000
5:103437500:103665000	5:106562500:107157500
5:106562500:107157500	5:108616875:109445000
5:108616875:109445000	5:109485000:110155000
5:109485000:110155000	5:111937500:112380000
5:111937500:112380000	5:112397500:112673125
5:112397500:112673125	5:112970000:113527500
5:112970000:113527500	5:113722500:114412500
5:113722500:114412500	5:114997500:115385000
5:114997500:115385000	5:118177500:118830000
5:118177500:118830000	5:118855000:120037500
5:118855000:120037500	5:120685000:121225000
5:120685000:121225000	5:122009375:122637500
5:122009375:122637500	5:122642500:123010625
5:122642500:123010625	5:123605000:124772500
5:123605000:124772500	5:125850000:126462500
5:125850000:126462500	5:129270000:130332500
5:129270000:130332500	5:130432500:130762500
5:130432500:130762500	5:130772500:131502500
5:130772500:131502500	5:131512500:131885000
5:131512500:131885000	5:131937500:132470000
5:131937500:132470000	5:132475000:133292500
5:132475000:133292500	5:133367500:134004375
5:133367500:134004375	5:134013125:134305000
5:134013125:134305000	5:134860000:135103750
5:134860000:135103750	5:135131250:135630000
5:135131250:135630000	5:135750000:136915000
5:135750000:136915000	5:139155000:139547500
5:139155000:139547500	5:139910000:140110000
5:139910000:140110000	5:140115000:140500000
5:140115000:140500000	5:141022500:141352500
5:141022500:141352500	5:141357500:142052500
5:141357500:142052500	5:142072500:142272500
5:142072500:142272500	5:143275000:143647500
5:143275000:143647500	5:143961875:145045000
5:143961875:145045000	5:145647500:145935000
5:145647500:145935000	5:147327500:147495000
5:147327500:147495000	5:148992500:149540000
5:148992500:149540000	5:149819375:150235000
5:149819375:150235000	5:150240000:150400000
5:150240000:150400000	5:150405000:150685000
5:150405000:150685000	5:150910000:151225000
5:150910000:151225000	5:152222500:152763750
5:152222500:152763750	5:152803750:153337500
5:152803750:153337500	5:153350000:154005000
5:153350000:154005000	5:154015000:154397500
5:154015000:154397500	5:154402500:155467500
5:154402500:155467500	5:155745000:156502500
5:155745000:156502500	5:156507500:157200000
5:156507500:157200000	5:161121875:161432500
5:161121875:161432500	5:164262500:164405000
5:164262500:164405000	5:164410000:164997500
5:164410000:164997500	5:167140000:167845000
5:167140000:167845000	5:168180000:168960000
5:168180000:168960000	5:170232500:170770000
5:170232500:170770000	5:170837500:171410000
5:170837500:171410000	5:171437500:171792500
5:171437500:171792500	5:171822500:172113125
5:171822500:172113125	5:172131250:172371250
5:172131250:172371250	5:172378750:172755000
5:172378750:172755000	5:172990000:173482500
5:172990000:173482500	5:174900000:175410000
5:174900000:175410000	5:175747500:176093125
5:175747500:176093125	5:176301250:176515000
5:176301250:176515000	5:176735000:177192500
5:176735000:177192500	5:177600000:178155625
5:177600000:178155625	5:180057500:180702500
5:180057500:180702500	6:152500:417500
6:152500:417500	6:776250:1443125
6:776250:1443125	6:1505000:2177500
6:1505000:2177500	6:2197500:2750000
6:2197500:2750000	6:5285000:6567500
6:5285000:6567500	6:6582500:7270000
6:6582500:7270000	6:7275000:7630000
6:7275000:7630000	6:7635000:7747500
6:7635000:7747500	6:7752500:8297500
6:7752500:8297500	6:10000000:10415000
6:10000000:10415000	6:11035000:11592500
6:11035000:11592500	6:11597500:12810000
6:11597500:12810000	6:13052500:13760000
6:13052500:13760000	6:13806875:14165000
6:13806875:14165000	6:14170000:15652500
6:14170000:15652500	6:16288750:17082500
6:16288750:17082500	6:17542500:18267500
6:17542500:18267500	6:18277500:18605000
6:18277500:18605000	6:20007500:20602500
6:20007500:20602500	6:21356250:21627500
6:21356250:21627500	6:21685000:22135000
6:21685000:22135000	6:22457500:22833750
6:22457500:22833750	6:23100000:24382500
6:23100000:24382500	6:24387500:25202500
6:24387500:25202500	6:25212500:25970000
6:25212500:25970000	6:25995000:26107500
6:25995000:26107500	6:26137500:26330000
6:26137500:26330000	6:26345000:26695625
6:26345000:26695625	6:26900000:27695000
6:26900000:27695000	6:27700000:27905000
6:27700000:27905000	6:28022500:28435000
6:28022500:28435000	6:29792500:30047500
6:29792500:30047500	6:30093750:30397500
6:30093750:30397500	6:32085000:32800000
6:32085000:32800000	6:34080000:34400000
6:34080000:34400000	6:34405000:35210000
6:34405000:35210000	6:35222500:35420000
6:35222500:35420000	6:35447500:35730000
6:35447500:35730000	6:36700000:36942500
6:36700000:36942500	6:36975000:37267500
6:36975000:37267500	6:37277500:37512500
6:37277500:37512500	6:37625000:38257500
6:37625000:38257500	6:40966875:41335000
6:40966875:41335000	6:41565000:42152500
6:41565000:42152500	6:42157500:42540000
6:42157500:42540000	6:42552500:42690000
6:42552500:42690000	6:42695000:43202500
6:42695000:43202500	6:43217500:43540000
6:43217500:43540000	6:49102500:49377500
6:49102500:49377500	6:49382500:49845000
6:49382500:49845000	6:50207500:50375000
6:50207500:50375000	6:50602500:51062500
6:50602500:51062500	6:51087500:52022500
6:51087500:52022500	6:52117500:52650000
6:52117500:52650000	6:52697500:52932500
6:52697500:52932500	6:52962500:53697500
6:52962500:53697500	6:55810000:56192500
6:55810000:56192500	6:56355000:57400000
6:56355000:57400000	6:58613125:59553750
6:58613125:59553750	6:61101250:62087500
6:61101250:62087500	6:64745000:65941875
6:64745000:65941875	6:66010625:66492500
6:66010625:66492500	6:67985000:68425000
6:67985000:68425000	6:69316875:69522500
6:69316875:69522500	6:70115000:71087500
6:70115000:71087500	6:73227500:74128125
6:73227500:74128125	6:74171250:74455000
6:74171250:74455000	6:75907500:76567500
6:75907500:76567500	6:80587500:81002500
6:80587500:81002500	6:82407500:82990000
6:82407500:82990000	6:82995000:83612500
6:82995000:83612500	6:83725000:83925000
6:83725000:83925000	6:85720000:86140000
6:85720000:86140000	6:86687500:87610000
6:86687500:87610000	6:87740000:88665000
6:87740000:88665000	6:88727500:89555000
6:88727500:89555000	6:90137500:90530000
6:90137500:90530000	6:90555000:91387500
6:90555000:91387500	6:95791875:96820000
6:95791875:96820000	6:97442500:97872500
6:97442500:97872500	6:99275000:99832500
6:99275000:99832500	6:100385000:100597500
6:100385000:100597500	6:101487500:102205000
6:101487500:102205000	6:104035000:104540000
6:104035000:104540000	6:104590000:104955000
6:104590000:104955000	6:105007500:105295000
6:105007500:105295000	6:105485000:105692500
6:105485000:105692500	6:105730000:106137500
6:105730000:106137500	6:106150000:106775000
6:106150000:106775000	6:106857500:107470000
6:106857500:107470000	6:107475000:107993125
6:107475000:107993125	6:108006250:108192500
6:108006250:108192500	6:108830000:109437500
6:108830000:109437500	6:109452500:109786250
6:109452500:109786250	6:110002500:110600000
6:110002500:110600000	6:111502500:112012500
6:111502500:112012500	6:113607500:114333125
6:113607500:114333125	6:114502500:114692500
6:114502500:114692500	6:115490000:116347500
6:115490000:116347500	6:116422500:117117500
6:116422500:117117500	6:117122500:117400000
6:117122500:117400000	6:117986875:118925000
6:117986875:118925000	6:118930000:119262500
6:118930000:119262500	6:121975000:122408125
6:121975000:122408125	6:122625000:123207500
6:122625000:123207500	6:126095000:126357500
6:126095000:126357500	6:127485000:128052500
6:127485000:128052500	6:129762500:130077500
6:129762500:130077500	6:130097500:130497500
6:130097500:130497500	6:131110000:131412500
6:131110000:131412500	6:131457500:131885000
6:131457500:131885000	6:132666250:133167500
6:132666250:133167500	6:133307500:134227500
6:133307500:134227500	6:134232500:134387500
6:134232500:134387500	6:134392500:135347500
6:134392500:135347500	6:135880000:136542500
6:135880000:136542500	6:136847500:137135000
6:136847500:137135000	6:137140000:137307500
6:137140000:137307500	6:137385000:137673750
6:137385000:137673750	6:137681250:137987500
6:137681250:137987500	6:137997500:138427500
6:137997500:138427500	6:138432500:138897500
6:138432500:138897500	6:140415000:140795000
6:140415000:140795000	6:142422500:142775000
6:142422500:142775000	6:142822500:143862500
6:142822500:143862500	6:143867500:144355000
6:143867500:144355000	6:144392500:144895000
6:144392500:144895000	6:145572500:145945000
6:145572500:145945000	6:146835000:147115000
6:146835000:147115000	6:147132500:147845000
6:147132500:147845000	6:147880000:148742500
6:147880000:148742500	6:150331875:151118750
6:150331875:151118750	6:151149375:151657500
6:151149375:151657500	6:151662500:152040000
6:151662500:152040000	6:152057500:152432500
6:152057500:152432500	6:152437500:152847500
6:152437500:152847500	6:153450000:154415000
6:153450000:154415000	6:154427500:154755000
6:154427500:154755000	6:154950000:155300625
6:154950000:155300625	6:155482500:155700000
6:155482500:155700000	6:156845000:157727500
6:156845000:157727500	6:158575000:158950000
6:158575000:158950000	6:159417500:159592500
6:159417500:159592500	6:159597500:160070000
6:159597500:160070000	6:160265000:160632500
6:160265000:160632500	6:160695000:160995000
6:160695000:160995000	6:161897500:162287500
6:161897500:162287500	6:163476250:164492500
6:163476250:164492500	6:164800000:165084375
6:164800000:165084375	6:165197500:165840000
6:165197500:165840000	6:166552500:166847500
6:166552500:166847500	6:167157500:167755625
6:167157500:167755625	6:169395000:169752500
6:169395000:169752500	7:37500:172500
7:37500:172500	7:207500:1280000
7:207500:1280000	7:5513750:5914375
7:5513750:5914375	7:5971875:6548125
7:5971875:6548125	7:6881250:7617500
7:6881250:7617500	7:7622500:8382500
7:7622500:8382500	7:10917500:11400000
7:10917500:11400000	7:12702500:13375000
7:12702500:13375000	7:13557500:13822500
7:13557500:13822500	7:13827500:14027500
7:13827500:14027500	7:14050000:14735000
7:14050000:14735000	7:14857500:15990000
7:14857500:15990000	7:18740000:19047500
7:18740000:19047500	7:19125000:19610000
7:19125000:19610000	7:19682500:20022500
7:19682500:20022500	7:20027500:20780000
7:20027500:20780000	7:21212500:22150000
7:21212500:22150000	7:22827500:23280000
7:22827500:23280000	7:23797500:24312500
7:23797500:24312500	7:26058125:26410000
7:26058125:26410000	7:26420000:26677500
7:26420000:26677500	7:26690000:26845000
7:26690000:26845000	7:26850000:27260000
7:26850000:27260000	7:27882500:28327500
7:27882500:28327500	7:28357500:28945000
7:28357500:28945000	7:28955000:29708750
7:28955000:29708750	7:29726250:30822500
7:29726250:30822500	7:31635000:32507500
7:31635000:32507500	7:32762500:33197500
7:32762500:33197500	7:33202500:33797500
7:33202500:33797500	7:35225625:35610000
7:35225625:35610000	7:35642500:35942500
7:35642500:35942500	7:35947500:36422500
7:35947500:36422500	7:38070000:38437500
7:38070000:38437500	7:38730000:39005000
7:38730000:39005000	7:39090000:39600000
7:39090000:39600000	7:39605000:39823750
7:39605000:39823750	7:39913750:40182500
7:39913750:40182500	7:41007500:42000000
7:41007500:42000000	7:42082500:42875000
7:42082500:42875000	7:42910000:43312500
7:42910000:43312500	7:43985000:44557500
7:43985000:44557500	7:44590000:45178750
7:44590000:45178750	7:45186250:45372500
7:45186250:45372500	7:45965625:47240000
7:45965625:47240000	7:47942500:48185000
7:47942500:48185000	7:48215000:48705000
7:48215000:48705000	7:48735000:49942500
7:48735000:49942500	7:50117500:50562500
7:50117500:50562500	7:50972500:51456875
7:50972500:51456875	7:52440000:53242500
7:52440000:53242500	7:54947500:55307500
7:54947500:55307500	7:55362500:56350000
7:55362500:56350000	7:56457500:56934375
7:56457500:56934375	7:57108125:58811250
7:57108125:58811250	7:60313750:61590000
7:60313750:61590000	7:64090625:64340000
7:64090625:64340000	7:65163750:65987500
7:65163750:65987500	7:67108750:67995625
7:67108750:67995625	7:68830000:69490000
7:68830000:69490000	7:72255000:73147500
7:72255000:73147500	7:73372500:74373750
7:73372500:74373750	7:77257500:77702500
7:77257500:77702500	7:77707500:78862500
7:77707500:78862500	7:79602500:79972500
7:79602500:79972500	7:79992500:80310000
7:79992500:80310000	7:80315000:81107500
7:80315000:81107500	7:81112500:81722500
7:81112500:81722500	7:81727500:82428125
7:81727500:82428125	7:82799375:83185000
7:82799375:83185000	7:83815000:84642500
7:83815000:84642500	7:84790000:85167500
7:84790000:85167500	7:85177500:85615000
7:85177500:85615000	7:86492500:86742500
7:86492500:86742500	7:87807500:88065000
7:87807500:88065000	7:89740000:90307500
7:89740000:90307500	7:91546875:92027500
7:91546875:92027500	7:95537500:96362500
7:95537500:96362500	7:96685000:96852500
7:96685000:96852500	7:96857500:97583125
7:96857500:97583125	7:97612500:97960000
7:97612500:97960000	7:98037500:98397500
7:98037500:98397500	7:98892500:99252500
7:98892500:99252500	7:99270000:99565000
7:99270000:99565000	7:99575000:99893125
7:99575000:99893125	7:101071875:102185000
7:101071875:102185000	7:102355000:102840000
7:102355000:102840000	7:103017500:104482500
7:103017500:104482500	7:104487500:105222500
7:104487500:105222500	7:105227500:105690000
7:105227500:105690000	7:105695000:106412500
7:105695000:106412500	7:107180000:107602500
7:107180000:107602500	7:111330000:112150000
7:111330000:112150000	7:112155000:112710000
7:112155000:112710000	7:114582500:115407500
7:114582500:115407500	7:115750000:116462500
7:115750000:116462500	7:116467500:116902500
7:116467500:116902500	7:116962500:117680000
7:116962500:117680000	7:118340000:118752500
7:118340000:118752500	7:119292500:119915000
7:119292500:119915000	7:120405000:120787500
7:120405000:120787500	7:122792500:123090000
7:122792500:123090000	7:123107500:123540000
7:123107500:123540000	7:124627500:124977500
7:124627500:124977500	7:126547500:126945000
7:126547500:126945000	7:127235000:128186250
7:127235000:128186250	7:128495000:128755000
7:128495000:128755000	7:128780000:129697500
7:128780000:129697500	7:129702500:130229375
7:129702500:130229375	7:134222500:135010000
7:134222500:135010000	7:135791875:136085000
7:135791875:136085000	7:137545000:137732500
7:137545000:137732500	7:138085000:138525000
7:138085000:138525000	7:138675000:139120000
7:138675000:139120000	7:139217500:139785000
7:139217500:139785000	7:140368750:140742500
7:140368750:140742500	7:140760000:141300000
7:140760000:141300000	7:142083750:142292500
7:142083750:142292500	7:142492500:142690000
7:142492500:142690000	7:142700000:142925000
7:142700000:142925000	7:142930000:143558750
7:142930000:143558750	7:143566250:143931250
7:143566250:143931250	7:145172500:145275000
7:145172500:145275000	7:145312500:145625000
7:145312500:145625000	7:148352500:148687500
7:148352500:148687500	7:148865000:149641250
7:148865000:149641250	7:149780625:150502500
7:149780625:150502500	7:150817500:151492500
7:150817500:151492500	7:151940000:152504375
7:151940000:152504375	7:155187500:155642500
7:155187500:155642500	7:155860000:156392500
7:155860000:156392500	7:158412500:159117806
7:158412500:159117806	8:1715000:2167500
8:1715000:2167500	8:2190000:2333750
8:2190000:2333750	8:4987500:6060000
8:4987500:6060000	8:6135000:7310625
8:6135000:7310625	8:7843125:8485000
8:7843125:8485000	8:8542500:9023125
8:8542500:9023125	8:9037500:9717500
8:9037500:9717500	8:9847500:10337500
8:9847500:10337500	8:10865000:11602500
8:10865000:11602500	8:11607500:12109375
8:11607500:12109375	8:17795000:18112500
8:17795000:18112500	8:18354375:18695000
8:18354375:18695000	8:19172500:19760000
8:19172500:19760000	8:21692500:21913750
8:21692500:21913750	8:22642500:22840000
8:22642500:22840000	8:23310000:23585000
8:23310000:23585000	8:23590000:24860000
8:23590000:24860000	8:25000000:25375000
8:25000000:25375000	8:26582500:27055000
8:26582500:27055000	8:27822500:28192500
8:27822500:28192500	8:28197500:28302500
8:28197500:28302500	8:28450000:29012500
8:28450000:29012500	8:29132500:29580000
8:29132500:29580000	8:30482500:30705000
8:30482500:30705000	8:30730000:31082500
8:30730000:31082500	8:32345000:33327500
8:32345000:33327500	8:36142500:37560000
8:36142500:37560000	8:37572500:37852500
8:37572500:37852500	8:38057500:38345000
8:38057500:38345000	8:38367500:38600000
8:38367500:38600000	8:38612500:38987500
8:38612500:38987500	8:41657500:42272500
8:41657500:42272500	8:43257500:44580625
8:43257500:44580625	8:46091875:47188750
8:46091875:47188750	8:47812500:48002500
8:47812500:48002500	8:48042500:48975000
8:48042500:48975000	8:49005000:49767500
8:49005000:49767500	8:50367500:51132500
8:50367500:51132500	8:52582500:53437500
8:52582500:53437500	8:53455000:53697500
8:53455000:53697500	8:54625000:55110000
8:54625000:55110000	8:56632500:57002500
8:56632500:57002500	8:58247500:58767500
8:58247500:58767500	8:61267500:62060000
8:61267500:62060000	8:62070000:62847500
8:62070000:62847500	8:63265000:63907500
8:63265000:63907500	8:64042500:64297500
8:64042500:64297500	8:64706250:65305000
8:64706250:65305000	8:66485000:67435000
8:66485000:67435000	8:70462500:70807500
8:70462500:70807500	8:70955000:71630000
8:70955000:71630000	8:71677500:72535000
8:71677500:72535000	8:72540000:73125000
8:72540000:73125000	8:73872500:74160000
8:73872500:74160000	8:77520000:78502500
8:77520000:78502500	8:79867500:80567500
8:79867500:80567500	8:81852500:82357500
8:81852500:82357500	8:82642500:82825000
8:82642500:82825000	8:84915000:85997500
8:84915000:85997500	8:86062500:86625000
8:86062500:86625000	8:86765000:87166875
8:86765000:87166875	8:87175625:87652500
8:87175625:87652500	8:90560000:91002500
8:90560000:91002500	8:91007500:92267500
8:91007500:92267500	8:93512500:94490000
8:93512500:94490000	8:94666250:95402500
8:94666250:95402500	8:95730000:96342500
8:95730000:96342500	8:96360000:96856250
8:96360000:96856250	8:97182500:98600000
8:97182500:98600000	8:98802500:99155000
8:98802500:99155000	8:100382500:101015000
8:100382500:101015000	8:102662500:103172500
8:102662500:103172500	8:103602500:103875000
8:103602500:103875000	8:104192500:104582500
8:104192500:104582500	8:107670000:108502500
8:107670000:108502500	8:108507500:108892500
8:108507500:108892500	8:109115000:109825000
8:109115000:109825000	8:110290000:110685000
8:110290000:110685000	8:115482500:115972500
8:115482500:115972500	8:116060000:116652500
8:116060000:116652500	8:116830000:118087500
8:116830000:118087500	8:118155000:118867500
8:118155000:118867500	8:118925625:119467500
8:118925625:119467500	8:119487500:119712500
8:119487500:119712500	8:119821250:120255000
8:119821250:120255000	8:120320000:120872500
8:120320000:120872500	8:122850000:123610000
8:122850000:123610000	8:124669375:125835000
8:124669375:125835000	8:126002500:126441250
8:126002500:126441250	8:126453750:126792500
8:126453750:126792500	8:126857500:127370000
8:126857500:127370000	8:127800000:128692500
8:127800000:128692500	8:128822500:129415000
8:128822500:129415000	8:130767500:131090000
8:130767500:131090000	8:131122500:131742500
8:131122500:131742500	8:131810000:132832500
8:131810000:132832500	8:133650000:134215000
8:133650000:134215000	8:134220000:134502500
8:134220000:134502500	8:134525000:135165000
8:134525000:135165000	8:135675000:135920000
8:135675000:135920000	8:136125000:136785000
8:136125000:136785000	8:138302500:138627500
8:138302500:138627500	8:140687500:141432500
8:140687500:141432500	8:141437500:141750000
8:141437500:141750000	8:142083125:142485000
8:142083125:142485000	8:143692500:144295000
8:143692500:144295000	8:145516250:145960000
8:145516250:145960000	8:145975000:146277500
8:145975000:146277500	9:212500:495000
9:212500:495000	9:1872500:2270000
9:1872500:2270000	9:2957500:3592500
9:2957500:3592500	9:3625000:4322500
9:3625000:4322500	9:8200000:8535000
9:8200000:8535000	9:9485000:9755000
9:9485000:9755000	9:12375000:12675000
9:12375000:12675000	9:12982500:13474375
9:12982500:13474375	9:14011250:14302500
9:14011250:14302500	9:15202500:15697500
9:15202500:15697500	9:16382500:16888125
9:16382500:16888125	9:17877500:19007500
9:17877500:19007500	9:19012500:19392500
9:19012500:19392500	9:19827500:20242500
9:19827500:20242500	9:20947500:21192500
9:20947500:21192500	9:25172500:26605000
9:25172500:26605000	9:32337500:32977500
9:32337500:32977500	9:34399375:34542500
9:34399375:34542500	9:35615000:35947500
9:35615000:35947500	9:35970000:36255000
9:35970000:36255000	9:70721875:71662500
9:70721875:71662500	9:74182500:74415000
9:74182500:74415000	9:74812500:75237500
9:74812500:75237500	9:76905000:77345000
9:76905000:77345000	9:77350000:77835000
9:77350000:77835000	9:77862500:78490000
9:77862500:78490000	9:78622500:78945000
9:78622500:78945000	9:78957500:79472500
9:78957500:79472500	9:79767500:80957500
9:79767500:80957500	9:80967500:81347500
9:80967500:81347500	9:82062500:82617500
9:82062500:82617500	9:82827500:83702500
9:82827500:83702500	9:83707500:84042500
9:83707500:84042500	9:84667500:85837500
9:84667500:85837500	9:85842500:86222500
9:85842500:86222500	9:86502500:87017500
9:86502500:87017500	9:87032500:88095000
9:87032500:88095000	9:89057500:89937500
9:89057500:89937500	9:90545000:91172500
9:90545000:91172500	9:91877500:92185000
9:91877500:92185000	9:92642500:92892500
9:92642500:92892500	9:92948750:93510000
9:92948750:93510000	9:93518750:93670000
9:93518750:93670000	9:93675000:94697500
9:93675000:94697500	9:94827500:95402500
9:94827500:95402500	9:96765000:97058125
9:96765000:97058125	9:98070000:99120000
9:98070000:99120000	9:99137500:99415000
9:99137500:99415000	9:99567500:100102500
9:99567500:100102500	9:100140000:100382500
9:100140000:100382500	9:100387500:101080625
9:100387500:101080625	9:101552500:102017500
9:101552500:102017500	9:102030000:102385000
9:102030000:102385000	9:102507500:103227500
9:102507500:103227500	9:103515000:104052500
9:103515000:104052500	9:104122500:104540000
9:104122500:104540000	9:106730000:107477500
9:106730000:107477500	9:107495000:108541250
9:107495000:108541250	9:108553750:109290000
9:108553750:109290000	9:111657500:111970000
9:111657500:111970000	9:112857500:113155625
9:112857500:113155625	9:113524375:114182500
9:113524375:114182500	9:117037500:117437500
9:117037500:117437500	9:117442500:117860000
9:117442500:117860000	9:123300000:124295000
9:123300000:124295000	9:124765000:125162500
9:124765000:125162500	9:125177500:125562500
9:125177500:125562500	9:125567500:125742500
9:125567500:125742500	9:125762500:126127500
9:125762500:126127500	9:126152500:126855000
9:126152500:126855000	9:126865000:127227500
9:126865000:127227500	9:127252500:127595000
9:127252500:127595000	9:128155625:128750000
9:128155625:128750000	9:129060000:129460000
9:129060000:129460000	9:131843125:132428125
9:131843125:132428125	9:132590000:132957500
9:132590000:132957500	9:133942500:134217500
9:133942500:134217500	9:134362500:134630000
9:134362500:134630000	9:134638750:135407500
9:134638750:135407500	9:135455000:135735000
9:135455000:135735000	9:136055000:136440000
9:136055000:136440000	9:136996875:137380000
9:136996875:137380000	9:137392500:138097500
9:137392500:138097500	9:138788750:139163750
9:138788750:139163750	9:139235000:139617500
9:139235000:139617500	9:139655000:139998750
9:139655000:139998750	9:140536875:141016875
9:140536875:141016875	X:1676250:2704375
X:1676250:2704375	X:8697500:9757500
X:8697500:9757500	X:9802500:10135000
X:9802500:10135000	X:10140000:10692500
X:10140000:10692500	X:10812500:11202500
X:10812500:11202500	X:11430000:11867500
X:11430000:11867500	X:11930000:12772500
X:11930000:12772500	X:12777500:13520000
X:12777500:13520000	X:13525000:14092500
X:13525000:14092500	X:14097500:15292500
X:14097500:15292500	X:15675000:16264375
X:15675000:16264375	X:16720000:17120000
X:16720000:17120000	X:17152500:17790000
X:17152500:17790000	X:17907500:18375000
X:17907500:18375000	X:18380000:18916250
X:18380000:18916250	X:20232500:20562500
X:20232500:20562500	X:20705000:21348125
X:20705000:21348125	X:23662500:24085000
X:23662500:24085000	X:24242500:25125000
X:24242500:25125000	X:30530000:31030000
X:30530000:31030000	X:37355000:37700000
X:37355000:37700000	X:38485000:39077500
X:38485000:39077500	X:39570000:40380000
X:39570000:40380000	X:40385000:41077500
X:40385000:41077500	X:41355000:41657500
X:41355000:41657500	X:41815000:43175000
X:41815000:43175000	X:43782500:44682500
X:43782500:44682500	X:44687500:45002500
X:44687500:45002500	X:45204375:46261875
X:45204375:46261875	X:46372500:46575000
X:46372500:46575000	X:47705000:48280000
X:47705000:48280000	X:48317500:49226250
X:48317500:49226250	X:52662500:53652500
X:52662500:53652500	X:60931250:62360000
X:60931250:62360000	X:62390000:63094375
X:62390000:63094375	X:63782500:64672500
X:63782500:64672500	X:64677500:65385000
X:64677500:65385000	X:66715000:67195000
X:66715000:67195000	X:70570000:70905625
X:70570000:70905625	X:70941875:71562500
X:70941875:71562500	X:76675625:77380625
X:76675625:77380625	X:77777500:78535000
X:77777500:78535000	X:79837500:80741250
X:79837500:80741250	X:90478750:91281250
X:90478750:91281250	X:95801250:96847500
X:95801250:96847500	X:104297500:105072500
X:104297500:105072500	X:106835000:107230000
X:106835000:107230000	X:108650000:109142500
X:108650000:109142500	X:109147500:109702500
X:109147500:109702500	X:117337500:117977500
X:117337500:117977500	X:118577500:119183125
X:118577500:119183125	X:119305625:119817500
X:119305625:119817500	X:120087500:121480000
X:120087500:121480000	X:122302500:122735000
X:122302500:122735000	X:122940000:123252500
X:122940000:123252500	X:124140000:125305000
X:124140000:125305000	X:128632500:129023750
X:128632500:129023750	X:129031250:129418125
X:129031250:129418125	X:129542500:130173125
X:129542500:130173125	X:133482500:133907500
X:133482500:133907500	X:134346250:134896875
X:134346250:134896875	X:135072500:136157500
X:135072500:136157500	X:137807500:139176875
X:137807500:139176875	X:141402500:142910000
X:141402500:142910000	X:143258750:145771875
X:143258750:145771875	X:147000000:148220000
X:147000000:148220000	X:149057500:149935000
X:149057500:149935000	X:150292500:151925000
X:150292500:151925000	X:151945000:152997500
X:151945000:152997500	X:153789375:154104375
X:153789375:154104375	X:154113125:155237390
X:154113125:155237390	Y:2647500:2922500
Y:2647500:2922500	Y:7072500:7865000
Y:7072500:7865000	Y:14820000:15715000
Y:14820000:15715000	Y:18460625:19841250
Y:18460625:19841250	Y:20373750:22331250
Y:20373750:22331250	Y:22423750:24308750
