Compound_DB00996	0.002272543111217	Gabapentin
Compound_DB00313	0.0021572190080371	Valproic Acid
Compound_DB00273	0.0021475117642373	Topiramate
Compound_DB00252	0.0020754509069302	Phenytoin
Compound_DB01174	0.0020269785751087	Phenobarbital
Compound_DB00564	0.0020136414405976	Carbamazepine
Compound_DB06218	0.0020011452787628	Lacosamide
Compound_DB00347	0.0020004286776627	Trimethadione
Compound_DB01068	0.001993291783759	Clonazepam
Compound_DB00818	0.0019786862725079	Propofol
Compound_DB00555	0.001973980446652	Lamotrigine
Compound_DB00794	0.0019715081895566	Primidone
Compound_DB00829	0.0019714499610791	Diazepam
Compound_DB00819	0.0019710694115326	Acetazolamide
Compound_DB00349	0.0019657339600168	Clobazam
Compound_DB00230	0.0019630453464795	Pregabalin
Compound_DB00776	0.0019603559622489	Oxcarbazepine
Compound_DB00683	0.0019505428490482	Midazolam
Compound_DB01351	0.0019471123570777	Amobarbital
Compound_DB00909	0.0019386528888942	Zonisamide
Compound_DB01320	0.0019382285161142	Fosphenytoin
Compound_DB00949	0.0019382160128356	Felbamate
Compound_DB01202	0.0019172842983308	Levetiracetam
Compound_DB01080	0.0019087819850106	Vigabatrin
Compound_DB06201	0.0019024409354216	Rufinamide
Compound_DB01031	0.0003788966304529	Ethinamate
Compound_DB00517	0.0003611713688504	Anisotropine Methylbromide
Compound_DB00617	0.0003344218411337	Paramethadione
Compound_DB06716	0.0003311561276087	Fospropofol
Compound_DB00703	0.0003304218382934	Methazolamide
Compound_DB00241	0.0002584294059781	Butalbital
Compound_DB00669	0.0002561332915078	Sumatriptan
Compound_DB00918	0.0002541526857237	Almotriptan
Compound_DB00216	0.0002470654698987	Eletriptan
Compound_DB00315	0.0002411104539087	Zolmitriptan
Compound_DB00321	0.0002393270127076	Amitriptyline
Compound_DB00953	0.000233750784281	Rizatriptan
Compound_DB00924	0.0002330678638751	Cyclobenzaprine
Compound_DB00434	0.000232267700307	Cyproheptadine
Compound_DB00696	0.0002321477792207	Ergotamine
Compound_DB00952	0.0002300162364198	Naratriptan
Compound_DB01435	0.0002272162536626	Antipyrine
Compound_DB00320	0.0002179653475166	Dihydroergotamine
Compound_DB00586	0.0002173178095614	Diclofenac
Compound_DB01173	0.0002172652402703	Orphenadrine
Compound_DB00788	0.0002171599345454	Naproxen
Compound_DB00353	0.0002170389006511	Methylergometrine
Compound_DB00661	0.0002161348083094	Verapamil
Compound_DB00571	0.0002138595831359	Propranolol
Compound_DB00201	0.0002138496754372	Caffeine
Compound_DB00328	0.0002137815477922	Indomethacin
Compound_DB00697	0.0002137006146207	Tizanidine
Compound_DB00945	0.0002126719166297	Acetylsalicylic acid
Compound_DB00635	0.000212643786671	Prednisone
Compound_DB01233	0.0002117512207053	Metoclopramide
Compound_DB00316	0.0002113350772179	Acetaminophen
Compound_DB00998	0.0002104926080433	Frovatriptan
Compound_DB00149	0.0002100512718309	L-Leucine
Compound_DB00373	0.0002094402511064	Timolol
Compound_DB00130	0.0002058095235721	L-Glutamine
Compound_DB00161	0.0002027000313238	L-Valine
Compound_DB06775	0.0001993119680539	Carglumic Acid
Compound_DB00205	0.0001662234658007	Pyrimethamine
Compound_DB00384	0.0001656481524196	Triamterene
Compound_DB00849	0.0001631010767708	Methylphenobarbital
Compound_DB05246	0.0001440624890147	Methsuximide
Compound_DB00498	0.0001210200614733	Phenindione
Compound_DB00120	0.0001117391497602	L-Phenylalanine
Compound_DB00745	0.0001111174926826	Modafinil
Compound_DB01121	0.0001109653829554	Phenacemide
Compound_DB00754	0.0001045826040527	Ethotoin
Compound_DB01437	0.0001044746189063	Glutethimide
Compound_DB00832	9.28798953082799e-05	Phensuximide
Compound_DB00676	9.069657840291754e-05	Benzyl Benzoate
Compound_DB00312	8.739570355241077e-05	Pentobarbital
Compound_DB00306	8.664170400526432e-05	Talbutal
Compound_DB00237	8.653666358987187e-05	Butabarbital
Compound_DB00423	8.417364926424581e-05	Methocarbamol
Compound_DB00418	8.408097752130746e-05	Secobarbital
Compound_DB01353	8.34605446042552e-05	Butethal
Compound_DB01352	8.304783572734266e-05	Aprobarbital
Compound_DB00812	8.105685241928193e-05	Phenylbutazone
Compound_DB00575	7.54702603141931e-05	Clonidine
Compound_DB01354	7.279095037825792e-05	Heptabarbital
Compound_DB00561	6.964018167499469e-05	Doxapram
Compound_DB00404	6.593470467636386e-05	Alprazolam
Compound_DB00897	6.439187807047276e-05	Triazolam
Compound_DB01215	6.425671277276302e-05	Estazolam
Compound_DB00842	6.411015179232922e-05	Oxazepam
Compound_DB00690	6.318956901385687e-05	Flurazepam
Compound_DB00628	6.309223723154409e-05	Clorazepate
Compound_DB01567	6.110679328432723e-05	Fludiazepam
Compound_DB01511	6.037701327021646e-05	Delorazepam
Compound_DB01588	5.995389859799392e-05	Prazepam
Compound_DB00186	5.94019567355066e-05	Lorazepam
Compound_DB00801	5.7827147987361406e-05	Halazepam
Compound_DB01544	5.60289216816949e-05	Flunitrazepam
Compound_DB00268	5.512376351774989e-05	Ropinirole
Compound_DB01154	5.385812105084184e-05	Thiamylal
Compound_DB00231	5.2165720505427794e-05	Temazepam
Compound_DB01235	5.165634295935014e-05	L-DOPA
Compound_DB00413	5.137760895155111e-05	Pramipexole
Compound_DB00599	5.046208202241013e-05	Thiopental
Compound_DB01589	5.020843621621025e-05	Quazepam
Compound_DB00193	5.016282503931613e-05	Tramadol
Compound_DB00475	5.003538801553834e-05	Chlordiazepoxide
Compound_DB00190	4.9929002748430345e-05	Carbidopa
Compound_DB00363	4.963933374748456e-05	Clozapine
Compound_DB00546	4.368004390391549e-05	Adinazolam
Compound_DB00458	4.286168769143734e-05	Imipramine
Compound_DB01545	4.282077337317887e-05	Ethyl loflazepate
Compound_DB01489	4.203699883037043e-05	Camazepam
Compound_DB01559	4.168749445084933e-05	Clotiazepam
Compound_DB00991	4.1550181568616025e-05	Oxaprozin
Compound_DB01587	4.019595792979462e-05	Ketazolam
Compound_DB01399	3.85623697819071e-05	Salsalate
Compound_DB01151	3.710956847936141e-05	Desipramine
Compound_DB06802	3.7007337379852015e-05	Nepafenac
Compound_DB01577	3.699303943927748e-05	Methamphetamine
Compound_DB00188	3.697445644951029e-05	Bortezomib
Compound_DB00726	3.677396440671888e-05	Trimipramine
Compound_DB00682	3.639928786385824e-05	Warfarin
Compound_DB01069	3.588893419287773e-05	Promethazine
Compound_DB00420	3.572518983090171e-05	Promazine
Compound_DB00182	3.5200560662951634e-05	Amphetamine
Compound_DB01246	3.5137112290487e-05	Alimemazine
Compound_DB00332	3.492757821491686e-05	Ipratropium bromide
Compound_DB01576	3.490464032038668e-05	Dextroamphetamine
Compound_DB00902	3.4539512299557806e-05	Methdilazine
Compound_DB01595	3.446691373130501e-05	Nitrazepam
Compound_DB08996	3.444708559503473e-05	Dimetacrine
Compound_DB01065	3.430030534845963e-05	Melatonin
Compound_DB01075	3.428092619431343e-05	Diphenhydramine
Compound_DB00725	3.381049331089894e-05	Homatropine Methylbromide
Compound_DB01239	3.205587887457372e-05	Chlorprothixene
Compound_DB00751	3.187747231905063e-05	Epinastine
Compound_DB01200	3.182745070629322e-05	Bromocriptine
Compound_DB00408	3.178484574038528e-05	Loxapine
Compound_DB01346	3.135593060934079e-05	Quinidine barbiturate
Compound_DB01594	3.093255062633299e-05	Cinolazepam
Compound_DB00540	3.0340175088817723e-05	Nortriptyline
Compound_DB01242	3.031091867653472e-05	Clomipramine
Compound_DB09017	2.9787758526835145e-05	Brotizolam
Compound_DB01397	2.977061874220316e-05	Magnesium salicylate
Compound_DB00865	2.905904154807565e-05	Benzphetamine
Compound_DB01273	2.861464269254331e-05	Varenicline
Compound_DB01030	2.856328687732526e-05	Topotecan
Compound_DB00168	2.7932330840046832e-05	Aspartame
Compound_DB01558	2.7750861451854085e-05	Bromazepam
Compound_DB00780	2.774000201628328e-05	Phenelzine
Compound_DB01553	2.770708799100585e-05	Cloxazolam
Compound_DB01255	2.752475455451912e-05	Lisdexamfetamine
Compound_DB00731	2.7453094855830157e-05	Nateglinide
Compound_DB00191	2.7398389748986863e-05	Phentermine
Compound_DB00217	2.6215686524873245e-05	Bethanidine
Compound_DB00579	2.5849328682714163e-05	Mazindol
Compound_DB01365	2.5561376827164587e-05	Mephentermine
Compound_DB00946	2.547907188252105e-05	Phenprocoumon
Compound_DB00914	2.501614726701072e-05	Phenformin
Compound_DB01247	2.479836127532774e-05	Isocarboxazid
Compound_DB00570	2.445288105556045e-05	Vinblastine
Compound_DB00970	2.3822233040351712e-05	Dactinomycin
Compound_DB00262	2.3693338525501405e-05	Carmustine
Compound_DB00997	2.368643054180304e-05	Doxorubicin
Compound_DB00514	2.3490367684637057e-05	Dextromethorphan
Compound_DB00853	2.346025290262023e-05	Temozolomide
Compound_DB00477	2.319242932654765e-05	Chlorpromazine
Compound_DB01234	2.302025809243902e-05	Dexamethasone
Compound_DB01142	2.293527055310224e-05	Doxepin
Compound_DB00344	2.2885650677086005e-05	Protriptyline
Compound_DB06803	2.2565594860526328e-05	Niclosamide
Compound_DB00474	2.208599345577685e-05	Methohexital
Compound_DB01254	2.20021448273558e-05	Dasatinib
Compound_DB08799	2.1726836040230066e-05	Antazoline
Compound_DB00443	2.142920040986259e-05	Betamethasone
Compound_DB06148	2.1030307943025318e-05	Mianserin
Compound_DB00712	2.0962480917740384e-05	Flurbiprofen
Compound_DB00762	2.0902465885674864e-05	Irinotecan
Compound_DB00536	2.087907875695392e-05	Guanidine
Compound_DB00170	2.079782473128421e-05	Menadione
Compound_DB00906	2.057805727331745e-05	Tiagabine
Compound_DB00104	2.0267444016647947e-05	Octreotide
Compound_DB00445	1.991563359630765e-05	Epirubicin
Compound_DB00563	1.9546229966077355e-05	Methotrexate
Compound_DB01619	1.9519886026608528e-05	Phenindamine
Compound_DB00192	1.945218955230652e-05	Indecainide
Compound_DB01179	1.933890204300896e-05	Podofilox
Compound_DB00643	1.9229402656501212e-05	Mebendazole
Compound_DB00390	1.910898475518657e-05	Digoxin
Compound_DB00392	1.91028947431774e-05	Ethopropazine
Compound_DB00773	1.89096707455977e-05	Etoposide
Compound_DB01049	1.854997151253564e-05	Ergoloid mesylate
Compound_DB00734	1.8489640686062595e-05	Risperidone
Compound_DB08911	1.847941609180873e-05	Trametinib
Compound_DB00151	1.8253610085408936e-05	L-Cysteine
Compound_DB01590	1.8178449713579423e-05	Everolimus
Compound_DB00740	1.811251920113672e-05	Riluzole
Compound_DB00543	1.801830683959685e-05	Amoxapine
Compound_DB00133	1.775880261177186e-05	L-Serine
Compound_DB01103	1.7632034512888966e-05	Quinacrine
Compound_DB01359	1.749744196601662e-05	Penbutolol
Compound_DB00433	1.7259167472600016e-05	Prochlorperazine
Compound_DB00310	1.7225909809871303e-05	Chlorthalidone
Compound_DB00679	1.714715721349783e-05	Thioridazine
Compound_DB01210	1.7107537855685294e-05	Levobunolol
Compound_DB01224	1.698322012888628e-05	Quetiapine
Compound_DB00964	1.6873270480831288e-05	Apraclonidine
Compound_DB00484	1.686061852989773e-05	Brimonidine
Compound_DB00128	1.6719932852850447e-05	L-Aspartic Acid
Compound_DB00593	1.6693784220379784e-05	Ethosuximide
Compound_DB08936	1.6690437345001564e-05	Chlorcyclizine
Compound_DB02546	1.6491293635293193e-05	Vorinostat
Compound_DB00694	1.635596008968158e-05	Daunorubicin
Compound_DB01186	1.6287657413907118e-05	Pergolide
Compound_DB01238	1.6220958776946603e-05	Aripiprazole
Compound_DB06637	1.6193084169328187e-05	Dalfampridine
Compound_DB00808	1.588762986221989e-05	Indapamide
Compound_DB08912	1.5872087137627686e-05	Dabrafenib
Compound_DB08808	1.581883308391532e-05	Bupranolol
Compound_DB00289	1.5780412379833374e-05	Atomoxetine
Compound_DB00247	1.552669664867947e-05	Methysergide
Compound_DB08865	1.5496581768208513e-05	Crizotinib
Compound_DB00634	1.5274905304494777e-05	Sulfacetamide
Compound_DB00589	1.5256582275371266e-05	Lisuride
Compound_DB00160	1.5142950635731622e-05	L-Alanine
Compound_DB00783	1.4897829490876265e-05	Estradiol
Compound_DB00135	1.4855349248100096e-05	L-Tyrosine
Compound_DB01253	1.481045689646412e-05	Ergonovine
Compound_DB00441	1.478177054926872e-05	Gemcitabine
Compound_DB01268	1.4769573109278668e-05	Sunitinib
Compound_DB06287	1.4503545189852734e-05	Temsirolimus
Compound_DB00215	1.4478028257036933e-05	Citalopram
Compound_DB00928	1.4196141647229728e-05	Azacitidine
Compound_DB00245	1.4160532350613271e-05	Benzatropine
Compound_DB00670	1.3941950378984804e-05	Pirenzepine
Compound_DB00502	1.3912607449928864e-05	Haloperidol
Compound_DB00765	1.3713510927209068e-05	Metyrosine
Compound_DB01024	1.3684611972024144e-05	Mycophenolic acid
Compound_DB01037	1.3649296595798886e-05	Selegiline
Compound_DB00939	1.3490773253230788e-05	Meclofenamic acid
Compound_DB00554	1.3486971572332192e-05	Piroxicam
Compound_DB00444	1.3408098015760663e-05	Teniposide
Compound_DB01424	1.320575136515173e-05	Aminophenazone
Compound_DB00859	1.3126886088204891e-05	Penicillamine
Compound_DB00620	1.3106261730198567e-05	Triamcinolone
Compound_DB00784	1.3023588157356804e-05	Mefenamic acid
Compound_DB00155	1.2960493834221669e-05	L-Citrulline
Compound_DB01297	1.2839020850386928e-05	Practolol
Compound_DB00167	1.2753037576915766e-05	L-Isoleucine
Compound_DB01177	1.2631984668988304e-05	Idarubicin
Compound_DB00156	1.2551708666998804e-05	L-Threonine
Compound_DB00715	1.2525431985426422e-05	Paroxetine
Compound_DB00963	1.250785645229019e-05	Bromfenac
Compound_DB01204	1.2272460735446569e-05	Mitoxantrone
Compound_DB00454	1.219368568736721e-05	Pethidine
Compound_DB01092	1.2076434767108194e-05	Ouabain
Compound_DB00091	1.2035474402771131e-05	Cyclosporine
Compound_DB00246	1.2025652922695164e-05	Ziprasidone
Compound_DB01295	1.1960319630951429e-05	Bevantolol
Compound_DB00374	1.1899972197975037e-05	Treprostinil
Compound_DB06594	1.1893725854408876e-05	Agomelatine
Compound_DB00836	1.1858047589491347e-05	Loperamide
Compound_DB09020	1.1810278907400422e-05	Bisacodyl
Compound_DB08901	1.175927574806081e-05	Ponatinib
Compound_DB01396	1.1559106829792614e-05	Digitoxin
Compound_DB01104	1.1350273436975095e-05	Sertraline
Compound_DB00958	1.1331555470815502e-05	Carboplatin
Compound_DB00481	1.1236676568435267e-05	Raloxifene
Compound_DB01113	1.1193819158226256e-05	Papaverine
Compound_DB00959	1.1183008484056276e-05	Methylprednisolone
Compound_DB00285	1.1108838237486785e-05	Venlafaxine
Compound_DB00541	1.103518067177966e-05	Vincristine
Compound_DB00143	1.1002989415914456e-05	Glutathione
Compound_DB00367	1.097301592810934e-05	Levonorgestrel
Compound_DB00573	1.089297472871902e-05	Fenoprofen
Compound_DB00877	1.0787699782079163e-05	Sirolimus
Compound_DB00662	1.0777447571037724e-05	Trimethobenzamide
Compound_DB00334	1.0682968441006772e-05	Olanzapine
Compound_DB00134	1.067421751107598e-05	L-Methionine
Compound_DB01175	1.0671953033889992e-05	Escitalopram
Compound_DB00753	1.0639840319640424e-05	Isoflurane
Compound_DB00515	1.0564205519064568e-05	Cisplatin
Compound_DB00305	1.049249127765732e-05	Mitomycin
Compound_DB01050	1.0466574753229428e-05	Ibuprofen
Compound_DB00855	1.0458968895236649e-05	Aminolevulinic acid
Compound_DB01009	1.0419793258514166e-05	Ketoprofen
Compound_DB08860	1.0130169354825509e-05	Pitavastatin
Compound_DB01035	9.904750118675969e-06	Procainamide
Compound_DB00936	9.866589232787112e-06	Salicylic acid
Compound_DB00129	9.833703568739156e-06	L-Ornithine
Compound_DB00174	9.82265597186892e-06	L-Asparagine
Compound_DB08811	9.805472381212289e-06	Tofisopam
Compound_DB00123	9.741508075591194e-06	L-Lysine
Compound_DB00847	9.714859201512054e-06	Cysteamine
Compound_DB08916	9.713773293012604e-06	Afatinib
Compound_DB01248	9.710773186576411e-06	Docetaxel
Compound_DB08881	9.587582524123009e-06	Vemurafenib
Compound_DB01043	9.554410551292509e-06	Memantine
Compound_DB01018	9.54758338353841e-06	Guanfacine
Compound_DB00659	9.49589416771324e-06	Acamprosate
Compound_DB01176	9.422694211044262e-06	Cyclizine
Compound_DB01074	9.307558413263767e-06	Perhexiline
Compound_DB01041	9.222099568190468e-06	Thalidomide
Compound_DB00933	9.202272892993016e-06	Mesoridazine
Compound_DB00656	9.18889990509355e-06	Trazodone
Compound_DB00806	9.182665424720194e-06	Pentoxifylline
Compound_DB00968	9.11479675019635e-06	Methyldopa
Compound_DB01189	9.113365706637686e-06	Desflurane
Compound_DB00500	9.101351539810806e-06	Tolmetin
Compound_DB01206	9.085090830726446e-06	Lomustine
Compound_DB00850	8.980645359243436e-06	Perphenazine
Compound_DB00277	8.80562857828162e-06	Theophylline
Compound_DB04865	8.725797000737068e-06	Homoharringtonine
Compound_DB00398	8.543761588089767e-06	Sorafenib
Compound_DB08797	8.491925820236864e-06	Salicylamide
Compound_DB00989	8.48941106574055e-06	Rivastigmine
Compound_DB01005	8.470579258264512e-06	Hydroxyurea
Compound_DB01236	8.43869211548104e-06	Sevoflurane
Compound_DB00813	8.388192970918521e-06	Fentanyl
Compound_DB01355	8.246563331756051e-06	Hexobarbital
Compound_DB05294	8.226854806263652e-06	Vandetanib
Compound_DB06663	8.206075665335607e-06	Pasireotide
Compound_DB00651	8.187238017050979e-06	Dyphylline
Compound_DB04837	8.170542053366934e-06	Clofedanol
Compound_DB00476	8.123570426890405e-06	Duloxetine
Compound_DB00887	7.96143641203875e-06	Bumetanide
Compound_DB00695	7.859095501762311e-06	Furosemide
Compound_DB01428	7.844697700508771e-06	Oxybenzone
Compound_DB00243	7.751908001024291e-06	Ranolazine
Compound_DB00860	7.713247850654756e-06	Prednisolone
Compound_DB00947	7.6848999740963e-06	Fulvestrant
Compound_DB01393	7.657936996316965e-06	Bezafibrate
Compound_DB04855	7.630102592600725e-06	Dronedarone
Compound_DB00228	7.628050042228472e-06	Enflurane
Compound_DB00472	7.612090860632314e-06	Fluoxetine
Compound_DB01146	7.566971104663968e-06	Diphenylpyraline
Compound_DB01039	7.5585078100787875e-06	Fenofibrate
Compound_DB00755	7.540074292535496e-06	Tretinoin
Compound_DB01620	7.491897498333121e-06	Pheniramine
Compound_DB00675	7.47287157968909e-06	Tamoxifen
Compound_DB00361	7.447577588191768e-06	Vinorelbine
Compound_DB00688	7.443780351146141e-06	Mycophenolate mofetil
Compound_DB00523	7.415296623534133e-06	Alitretinoin
Compound_DB06151	7.379121834861158e-06	Acetylcysteine
Compound_DB00934	7.308783469082983e-06	Maprotiline
Compound_DB01053	7.30475750914565e-06	Benzylpenicillin
Compound_DB00982	7.302490140322394e-06	Isotretinoin
Compound_DB01623	7.3019978393245e-06	Thiothixene
Compound_DB01181	7.250174984899889e-06	Ifosfamide
Compound_DB00831	7.216533583903746e-06	Trifluoperazine
Compound_DB00843	7.204251049389597e-06	Donepezil
Compound_DB00908	7.203397791134224e-06	Quinidine
Compound_DB01412	7.112502612905714e-06	Theobromine
Compound_DB01482	7.083768746762617e-06	Fenethylline
Compound_DB01398	7.080869846133829e-06	Salicylate-sodium
Compound_DB00674	7.076975735328091e-06	Galantamine
Compound_DB00333	7.062727015531895e-06	Methadone
Compound_DB01136	7.02834461046761e-06	Carvedilol
Compound_DB01156	7.022118363582943e-06	Bupropion
Compound_DB00424	7.0120551919450685e-06	Hyoscyamine
Compound_DB00719	6.910392407323648e-06	Azatadine
Compound_DB00807	6.909992968630281e-06	Proparacaine
Compound_DB00631	6.901358943073853e-06	Clofarabine
Compound_DB01034	6.84219669605374e-06	Cerulenin
Compound_DB01222	6.82598402408326e-06	Budesonide
Compound_DB00722	6.78566637012752e-06	Lisinopril
Compound_DB01229	6.777317085504239e-06	Paclitaxel
Compound_DB00290	6.749760795368168e-06	Bleomycin
Compound_DB00857	6.744421286166901e-06	Terbinafine
Compound_DB06589	6.70964938600817e-06	Pazopanib
Compound_DB00503	6.674566755284344e-06	Ritonavir
Compound_DB06770	6.651681102934432e-06	Benzyl alcohol
Compound_DB00461	6.641923615416503e-06	Nabumetone
Compound_DB01017	6.622193405240361e-06	Minocycline
Compound_DB01198	6.606388725329678e-06	Zopiclone
Compound_DB08801	6.56602005202334e-06	Dimetindene
Compound_DB01303	6.560372030402444e-06	Oxtriphylline
Compound_DB00792	6.531260492409122e-06	Tripelennamine
Compound_DB00402	6.514307757162354e-06	Eszopiclone
Compound_DB00768	6.511206860895802e-06	Olopatadine
Compound_DB01440	6.509660753798357e-06	Gamma Hydroxybutyric Acid
Compound_DB00366	6.471178939324423e-06	Doxylamine
Compound_DB00283	6.436991694698218e-06	Clemastine
Compound_DB00370	6.407887393471018e-06	Mirtazapine
Compound_DB00647	6.4001787323396565e-06	Dextropropoxyphene
Compound_DB04868	6.397016537309427e-06	Nilotinib
Compound_DB01228	6.389749707595899e-06	Encainide
Compound_DB00892	6.379775209950716e-06	Oxybuprocaine
Compound_DB00248	6.368183684853218e-06	Cabergoline
Compound_DB00572	6.340653286468716e-06	Atropine
Compound_DB00422	6.336068291511171e-06	Methylphenidate
Compound_DB01244	6.332685196456794e-06	Bepridil
Compound_DB00184	6.326239050132509e-06	Nicotine
Compound_DB00338	6.3117517893560645e-06	Omeprazole
Compound_DB00704	6.310370001930461e-06	Naltrexone
Compound_DB00544	6.303473223780563e-06	Fluorouracil
Compound_DB04911	6.293811645938257e-06	Oritavancin
Compound_DB00752	6.272887158686677e-06	Tranylcypromine
Compound_DB01237	6.238313092873862e-06	Bromodiphenhydramine
Compound_DB00625	6.190538180623069e-06	Efavirenz
Compound_DB00721	6.160710915837595e-06	Procaine
Compound_DB00960	6.133573212479328e-06	Pindolol
Compound_DB01100	6.124530041570825e-06	Pimozide
Compound_DB01078	6.107445624721478e-06	Deslanoside
Compound_DB00511	6.107445624721478e-06	Acetyldigitoxin
Compound_DB00864	6.106709318385775e-06	Tacrolimus
Compound_DB00125	6.087618801398101e-06	L-Arginine
Compound_DB00527	6.06911586223278e-06	Cinchocaine
Compound_DB00507	6.068747233117722e-06	Nitazoxanide
Compound_DB01407	6.038642773431316e-06	Clenbuterol
Compound_DB00176	5.979841817399041e-06	Fluvoxamine
Compound_DB00323	5.899171678141491e-06	Tolcapone
Compound_DB01168	5.874048419358088e-06	Procarbazine
Compound_DB01182	5.844303077702419e-06	Propafenone
Compound_DB01016	5.835013000605201e-06	Glyburide
Compound_DB00736	5.831885689856858e-06	Esomeprazole
Compound_DB01118	5.820250729018786e-06	Amiodarone
Compound_DB00822	5.806449091908529e-06	Disulfiram
Compound_DB00904	5.800843915169389e-06	Ondansetron
Compound_DB01159	5.781558423986451e-06	Halothane
Compound_DB04835	5.770888621510648e-06	Maraviroc
Compound_DB01267	5.739824691157061e-06	Paliperidone
Compound_DB01283	5.700354975721513e-06	Lumiracoxib
Compound_DB00741	5.696970907101791e-06	Hydrocortisone
Compound_DB00340	5.651461988816898e-06	Metixene
Compound_DB08835	5.630826151155908e-06	Spaglumic Acid
Compound_DB00582	5.621693701975023e-06	Voriconazole
Compound_DB00250	5.597794518902914e-06	Dapsone
Compound_DB08899	5.582157332978398e-06	Enzalutamide
Compound_DB01550	5.579832559717651e-06	Fenproporex
Compound_DB01580	5.5727515272305465e-06	Oxprenolol
Compound_DB00851	5.560431415140604e-06	Dacarbazine
Compound_DB00866	5.507550707067257e-06	Alprenolol
Compound_DB00915	5.495616287522617e-06	Amantadine
Compound_DB01188	5.481592237745941e-06	Ciclopirox
Compound_DB01161	5.480527687354775e-06	Chloroprocaine
Compound_DB00317	5.425554259368389e-06	Gefitinib
Compound_DB00296	5.418606655738255e-06	Ropivacaine
Compound_DB01149	5.416585508260366e-06	Nefazodone
Compound_DB00825	5.412916209795118e-06	Menthol
Compound_DB00139	5.3906929848460045e-06	Succinic acid
Compound_DB00584	5.380733322092314e-06	Enalapril
Compound_DB00244	5.363152067708337e-06	Mesalazine
Compound_DB00673	5.345677812207526e-06	Aprepitant
Compound_DB01144	5.261094650665332e-06	Diclofenamide
Compound_DB00359	5.228497952316517e-06	Sulfadiazine
Compound_DB00821	5.160000796534827e-06	Carprofen
Compound_DB00870	5.153174566632998e-06	Suprofen
Compound_DB00292	5.09059076544964e-06	Etomidate
Compound_DB01626	5.085897132825619e-06	Pargyline
Compound_DB00604	5.057786130552238e-06	Cisapride
Compound_DB06616	5.047094113321389e-06	Bosutinib
Compound_DB00641	5.043586736168696e-06	Simvastatin
Compound_DB00882	5.037469965848013e-06	Clomifene
Compound_DB01015	5.028292608877079e-06	Sulfamethoxazole
Compound_DB00925	5.016187345337285e-06	Phenoxybenzamine
Compound_DB00163	5.0130457197263626e-06	Vitamin E
Compound_DB01390	5.006801072022765e-06	Sodium bicarbonate
Compound_DB00178	4.964714748433804e-06	Ramipril
Compound_DB00874	4.927323420515533e-06	Guaifenesin
Compound_DB06288	4.890479024310279e-06	Amisulpride
Compound_DB01046	4.884084109032953e-06	Lubiprostone
Compound_DB00263	4.825343843653412e-06	Sulfisoxazole
Compound_DB00619	4.814969440487058e-06	Imatinib
Compound_DB00281	4.8118816041447954e-06	Lidocaine
Compound_DB00482	4.807101376039319e-06	Celecoxib
Compound_DB00999	4.790479878064156e-06	Hydrochlorothiazide
Compound_DB00203	4.788638651484108e-06	Sildenafil
Compound_DB00148	4.734618165843575e-06	Creatine
Compound_DB00181	4.722723886378549e-06	Baclofen
Compound_DB01375	4.722021469914602e-06	Dihydroxyaluminium
Compound_DB01086	4.668893077158782e-06	Benzocaine
Compound_DB00468	4.66732292887658e-06	Quinine
Compound_DB00852	4.636525925944495e-06	Pseudoephedrine
Compound_DB00331	4.624938253630718e-06	Metformin
Compound_DB00648	4.584832922788433e-06	Mitotane
Compound_DB00623	4.584565324459465e-06	Fluphenazine
Compound_DB00196	4.576558382702528e-06	Fluconazole
Compound_DB00810	4.556276699977581e-06	Biperiden
Compound_DB00421	4.549721657685936e-06	Spironolactone
Compound_DB06701	4.545607258640188e-06	Dexmethylphenidate
Compound_DB01056	4.518055583968571e-06	Tocainide
Compound_DB01221	4.503861644242801e-06	Ketamine
Compound_DB03255	4.496432241649208e-06	Phenol
Compound_DB01042	4.496397450013168e-06	Melphalan
Compound_DB01085	4.413755991532211e-06	Pilocarpine
Compound_DB00668	4.364241561032488e-06	Epinephrine
Compound_DB00550	4.3335643820143226e-06	Propylthiouracil
Compound_DB00972	4.333051611075707e-06	Azelastine
Compound_DB00830	4.32623765872128e-06	Phenmetrazine
Compound_DB00195	4.32362055659742e-06	Betaxolol
Compound_DB04946	4.314114291020474e-06	Iloperidone
Compound_DB00539	4.303771660861169e-06	Toremifene
Compound_DB00279	4.298124367483655e-06	Liothyronine
Compound_DB00132	4.296173304128211e-06	Alpha-Linolenic Acid
Compound_DB00797	4.290525947447549e-06	Tolazoline
Compound_DB00687	4.286243736871509e-06	Fludrocortisone
Compound_DB01427	4.271299486493693e-06	Amrinone
Compound_DB04953	4.218432825228357e-06	Ezogabine
Compound_DB00761	4.206014871530508e-06	Potassium Chloride
Compound_DB00657	4.205168655007282e-06	Mecamylamine
Compound_DB00735	4.202881198758569e-06	Naftifine
Compound_DB00756	4.1831980556986026e-06	Hexachlorophene
Compound_DB00136	4.174890174339789e-06	Calcitriol
Compound_DB00633	4.150385367200193e-06	Dexmedetomidine
Compound_DB00763	4.145165594747722e-06	Methimazole
Compound_DB01616	4.132056015767088e-06	Alverine
Compound_DB00425	4.112475145486731e-06	Zolpidem
Compound_DB00138	4.10180961915178e-06	L-Cystine
Compound_DB01012	4.09885872591581e-06	Cinacalcet
Compound_DB00985	4.09322237800377e-06	Dimenhydrinate
Compound_DB01299	4.090269441885477e-06	Sulfadoxine
Compound_DB00264	4.080889496979012e-06	Metoprolol
Compound_DB00159	4.05852540995176e-06	Icosapent
Compound_DB09018	4.057769439536185e-06	Bromopride
Compound_DB00465	4.045482150822778e-06	Ketorolac
Compound_DB01600	4.037784787716535e-06	Tiaprofenic acid
Compound_DB01115	4.012691386943985e-06	Nifedipine
Compound_DB00961	3.989040205685651e-06	Mepivacaine
Compound_DB01406	3.972989875328454e-06	Danazol
Compound_DB05245	3.960739604479881e-06	Silver sulfadiazine
Compound_DB00187	3.940427250129857e-06	Esmolol
Compound_DB04894	3.931709712021131e-06	Vapreotide
Compound_DB01367	3.930968467487426e-06	Rasagiline
Compound_DB01114	3.911995592696851e-06	Chlorphenamine
Compound_DB08896	3.905014984817459e-06	Regorafenib
Compound_DB00786	3.898709235083259e-06	Marimastat
Compound_DB01045	3.875645286580871e-06	Rifampicin
Compound_DB00530	3.864687949772268e-06	Erlotinib
Compound_DB00494	3.862589585958104e-06	Entacapone
Compound_DB00612	3.841983080543842e-06	Bisoprolol
Compound_DB00748	3.818842184143912e-06	Carbinoxamine
Compound_DB00337	3.794775442426553e-06	Pimecrolimus
Compound_DB00335	3.784682991294717e-06	Atenolol
Compound_DB00357	3.780173813688611e-06	Aminoglutethimide
Compound_DB01429	3.768073189001897e-06	Aprindine
Compound_DB00937	3.765210584704456e-06	Diethylpropion
Compound_DB00624	3.765021261886108e-06	Testosterone
Compound_DB00381	3.759844776830824e-06	Amlodipine
Compound_DB00979	3.744309712565057e-06	Cyclopentolate
Compound_DB00811	3.7396655854848535e-06	Ribavirin
Compound_DB00814	3.739612811001131e-06	Meloxicam
Compound_DB01107	3.722736749753627e-06	Methyprylon
Compound_DB00180	3.696119234378496e-06	Flunisolide
Compound_DB00397	3.657637450771264e-06	Phenylpropanolamine
Compound_DB00603	3.647242199823472e-06	Medroxyprogesterone Acetate
Compound_DB01063	3.6449793243955968e-06	Acetophenazine
Compound_DB01622	3.620302640606716e-06	Thioproperazine
Compound_DB01614	3.599407504852778e-06	Acepromazine
Compound_DB01165	3.5910365434702262e-06	Ofloxacin
Compound_DB00542	3.5885731092706978e-06	Benazepril
Compound_DB00920	3.5726966744908472e-06	Ketotifen
Compound_DB00738	3.564856553805978e-06	Pentamidine
Compound_DB00480	3.5648401842169656e-06	Lenalidomide
Compound_DB00600	3.562240116812886e-06	Monobenzone
Compound_DB01001	3.55357601182018e-06	Salbutamol
Compound_DB00242	3.5530036555497086e-06	Cladribine
Compound_DB01137	3.5473149983516905e-06	Levofloxacin
Compound_DB01403	3.546173971410227e-06	Methotrimeprazine
Compound_DB00608	3.5309601166805536e-06	Chloroquine
Compound_DB00254	3.526530179188294e-06	Doxycycline
Compound_DB00448	3.512161418834903e-06	Lansoprazole
Compound_DB04948	3.503954892730001e-06	Lofexidine
Compound_DB00521	3.503273955437321e-06	Carteolol
Compound_DB00910	3.499238997147269e-06	Paricalcitol
Compound_DB00227	3.450001680944421e-06	Lovastatin
Compound_DB00385	3.4484808538081186e-06	Valrubicin
Compound_DB00295	3.445881020690533e-06	Morphine
Compound_DB01023	3.440883325660842e-06	Felodipine
Compound_DB01579	3.439705641321893e-06	Phendimetrazine
Compound_DB08807	3.4381397242055345e-06	Bopindolol
Compound_DB00169	3.4313305342253117e-06	Cholecalciferol
Compound_DB01624	3.416666676969057e-06	Zuclopenthixol
Compound_DB01101	3.411865448580429e-06	Capecitabine
Compound_DB08998	3.392212185531402e-06	Demexiptiline
Compound_DB01628	3.3894873725420107e-06	Etoricoxib
Compound_DB00343	3.3876507779421232e-06	Diltiazem
Compound_DB08981	3.380496920756949e-06	Fenbufen
Compound_DB00341	3.378896069611748e-06	Cetirizine
Compound_DB00861	3.3785435481409047e-06	Diflunisal
Compound_DB00508	3.35447959923522e-06	Triflupromazine
Compound_DB00537	3.3526976494343195e-06	Ciprofloxacin
Compound_DB01105	3.352139976511344e-06	Sibutramine
Compound_DB00327	3.332426728613607e-06	Hydromorphone
Compound_DB01193	3.3263774562479227e-06	Acebutolol
Compound_DB01116	3.300444566881947e-06	Trimethaphan
Compound_DB01296	3.278190578776871e-06	Glucosamine
Compound_DB01438	3.2637735170518354e-06	Phenazopyridine
Compound_DB01364	3.2477890315297164e-06	Ephedrine
Compound_DB09002	3.2426121549213206e-06	Cloperastine
Compound_DB00988	3.2353538586962777e-06	Dopamine
Compound_DB00451	3.2208130168903595e-06	Levothyroxine
Compound_DB01232	3.210122453638672e-06	Saquinavir
Compound_DB00396	3.197314425602788e-06	Progesterone
Compound_DB00588	3.195988545741039e-06	Fluticasone Propionate
Compound_DB00758	3.1958100698084866e-06	Clopidogrel
Compound_DB00598	3.1895280251731035e-06	Labetalol
Compound_DB00701	3.1838127914151404e-06	Amprenavir
Compound_DB01013	3.1818830264659757e-06	Clobetasol propionate
Compound_DB00777	3.181663058290707e-06	Propiomazine
Compound_DB00714	3.176424485064548e-06	Apomorphine
Compound_DB01197	3.1749330301665475e-06	Captopril
Compound_DB00987	3.172123986720223e-06	Cytarabine
Compound_DB01231	3.17089584061912e-06	Diphenidol
Compound_DB01095	3.166655608445612e-06	Fluvastatin
Compound_DB00270	3.16540265426809e-06	Isradipine
Compound_DB01583	3.159790572122236e-06	Liotrix
Compound_DB01609	3.1578054320551434e-06	Deferasirox
Compound_DB01029	3.1012694265386097e-06	Irbesartan
Compound_DB08924	3.0949381435248582e-06	Amfecloral
Compound_DB00519	3.0919478518067223e-06	Trandolapril
Compound_DB00324	3.090982336711284e-06	Fluorometholone
Compound_DB01071	3.088188491667377e-06	Mequitazine
Compound_DB01203	3.057456573045552e-06	Nadolol
Compound_DB04573	3.0538193908806264e-06	Estriol
Compound_DB01036	3.0536954613337352e-06	Tolterodine
Compound_DB09000	3.049148874868555e-06	Cyamemazine
Compound_DB00234	3.0455751161958963e-06	Reboxetine
Compound_DB00764	3.0417272652140306e-06	Mometasone
Compound_DB00387	3.0402394791076264e-06	Procyclidine
Compound_DB00613	3.031344284493025e-06	Amodiaquine
Compound_DB08990	3.020859255028284e-06	Eprazinone
Compound_DB01125	3.0115036968087968e-06	Anisindione
Compound_DB06766	2.998330729477334e-06	Alcaftadine
Compound_DB01194	2.996885937709963e-06	Brinzolamide
Compound_DB00585	2.985133822886314e-06	Nizatidine
Compound_DB00993	2.981868753266048e-06	Azathioprine
Compound_DB08877	2.959370927732477e-06	Ruxolitinib
Compound_DB01227	2.9590766492637035e-06	Levomethadyl Acetate
Compound_DB00568	2.955695021812184e-06	Cinnarizine
Compound_DB01211	2.954503236388304e-06	Clarithromycin
Compound_DB00531	2.950933833130602e-06	Cyclophosphamide
Compound_DB00509	2.933384567843742e-06	Dextrothyroxine
Compound_DB00171	2.9250880243785737e-06	Adenosine triphosphate
Compound_DB00497	2.9118136845803924e-06	Oxycodone
Compound_DB01119	2.907868731277493e-06	Diazoxide
Compound_DB00218	2.902127457713557e-06	Moxifloxacin
Compound_DB01433	2.8978568216389248e-06	Methadyl Acetate
Compound_DB06684	2.894740541577025e-06	Vilazodone
Compound_DB05271	2.888313111327219e-06	Rotigotine
Compound_DB00513	2.8806296513261484e-06	Aminocaproic Acid
Compound_DB01008	2.878423118038211e-06	Busulfan
Compound_DB00376	2.865354181368777e-06	Trihexyphenidyl
Compound_DB04572	2.861447718121632e-06	Thiotepa
Compound_DB00213	2.859413406801754e-06	Pantoprazole
Compound_DB00393	2.8481306206659246e-06	Nimodipine
Compound_DB01064	2.8471703194610244e-06	Isoprenaline
Compound_DB02959	2.845473789862336e-06	Oxitriptan
Compound_DB00547	2.8361946381595584e-06	Desoximetasone
Compound_DB00759	2.833681541880281e-06	Tetracycline
Compound_DB00548	2.830605305794934e-06	Azelaic Acid
Compound_DB01129	2.8271147709670817e-06	Rabeprazole
Compound_DB00869	2.824226781375299e-06	Dorzolamide
Compound_DB06216	2.821541023854918e-06	Asenapine
Compound_DB00238	2.810420773922701e-06	Nevirapine
Compound_DB00165	2.8050372872665038e-06	Pyridoxine
Compound_DB01394	2.804687841238569e-06	Colchicine
Compound_DB06268	2.790527382670995e-06	Sitaxentan
Compound_DB00622	2.7512105658389604e-06	Nicardipine
Compound_DB00962	2.749613209474541e-06	Zaleplon
Compound_DB06711	2.742743369037908e-06	Naphazoline
Compound_DB00175	2.7394659289378093e-06	Pravastatin
Compound_DB00750	2.729259414577372e-06	Prilocaine
Compound_DB01214	2.719089828523175e-06	Metipranolol
Compound_DB00553	2.703172288810308e-06	Methoxsalen
Compound_DB06700	2.697729306705273e-06	Desvenlafaxine
Compound_DB00678	2.696705968548693e-06	Losartan
Compound_DB00629	2.6966728486234803e-06	Guanabenz
Compound_DB00147	2.693674995345629e-06	Pyridoxal
Compound_DB01120	2.6925938517590746e-06	Gliclazide
Compound_DB00943	2.6771072137351987e-06	Zalcitabine
Compound_DB00459	2.6758869026256166e-06	Acitretin
Compound_DB01621	2.6757574848688163e-06	Pipotiazine
Compound_DB00709	2.665146029086852e-06	Lamivudine
Compound_DB01615	2.664637920565096e-06	Aceprometazine
Compound_DB00490	2.6577260546111307e-06	Buspirone
Compound_DB00209	2.6519391340594065e-06	Trospium
Compound_DB01263	2.644973713487494e-06	Posaconazole
Compound_DB00223	2.636655376555992e-06	Diflorasone
Compound_DB01196	2.6046584152130324e-06	Estramustine
Compound_DB00591	2.599355019462731e-06	Fluocinolone Acetonide
Compound_DB01608	2.595686604855705e-06	Propericiazine
Compound_DB01260	2.588029259771708e-06	Desonide
Compound_DB00590	2.587610754753755e-06	Doxazosin
Compound_DB00977	2.569847255239548e-06	Ethinyl Estradiol
Compound_DB00747	2.563341081485427e-06	Scopolamine
Compound_DB08828	2.5451427685039724e-06	Vismodegib
Compound_DB00286	2.536845095622516e-06	Conjugated Estrogens
Compound_DB00602	2.5327089729820185e-06	Ivermectin
Compound_DB00524	2.5318447108858963e-06	Metolazone
Compound_DB00297	2.5237988460948454e-06	Bupivacaine
Compound_DB01356	2.511365817952319e-06	Lithium
Compound_DB08910	2.509624867333399e-06	Pomalidomide
Compound_DB00835	2.499710996626714e-06	Brompheniramine
Compound_DB00185	2.4844643693375256e-06	Cevimeline
Compound_DB00594	2.458057644306245e-06	Amiloride
Compound_DB00642	2.456758532169144e-06	Pemetrexed
Compound_DB00401	2.454062177794868e-06	Nisoldipine
Compound_DB00150	2.4446001556350398e-06	L-Tryptophan
Compound_DB00117	2.441358963244245e-06	L-Histidine
Compound_DB00288	2.4349199565599232e-06	Amcinonide
Compound_DB00903	2.429834417864342e-06	Ethacrynic acid
Compound_DB00486	2.428496872190797e-06	Nabilone
Compound_DB00280	2.4134216656181907e-06	Disopyramide
Compound_DB00172	2.411711608666665e-06	L-Proline
Compound_DB00309	2.411311869825311e-06	Vindesine
Compound_DB00556	2.4093312650253167e-06	Perflutren
Compound_DB00473	2.407239009011708e-06	Hexylcaine
Compound_DB01002	2.4064252069075595e-06	Levobupivacaine
Compound_DB01098	2.401723736562471e-06	Rosuvastatin
Compound_DB00399	2.388724734290531e-06	Zoledronate
Compound_DB00518	2.38872169909802e-06	Albendazole
Compound_DB01167	2.3867023606305098e-06	Itraconazole
Compound_DB00790	2.3776156055905337e-06	Perindopril
Compound_DB01325	2.375670379638969e-06	Quinethazone
Compound_DB00145	2.3667458033793814e-06	Glycine
Compound_DB06204	2.363336388514565e-06	Tapentadol
Compound_DB04838	2.3495188804081877e-06	Cyclandelate
Compound_DB00258	2.349330671000838e-06	Calcium Acetate
Compound_DB00990	2.347070371302425e-06	Exemestane
Compound_DB06710	2.3437876814420983e-06	Methyltestosterone
Compound_DB04843	2.341321935908453e-06	Mepenzolate
Compound_DB00896	2.338097170535388e-06	Rimexolone
Compound_DB01625	2.334050522322873e-06	Isopropamide
Compound_DB00881	2.333771707559501e-06	Quinapril
Compound_DB00440	2.3334508305245407e-06	Trimethoprim
Compound_DB01252	2.330396847977008e-06	Mitiglinide
Compound_DB01117	2.3271368800192243e-06	Atovaquone
Compound_DB01026	2.3219857036620997e-06	Ketoconazole
Compound_DB01262	2.311539294496056e-06	Decitabine
Compound_DB00379	2.307475987158054e-06	Mexiletine
Compound_DB00462	2.305088523705557e-06	Methylscopolamine bromide
Compound_DB01410	2.3047558376178785e-06	Ciclesonide
Compound_DB01110	2.300783974107246e-06	Miconazole
Compound_DB00206	2.2999523174424245e-06	Reserpine
Compound_DB00492	2.293258214393104e-06	Fosinopril
Compound_DB06772	2.286631667974489e-06	Cabazitaxel
Compound_DB00921	2.278188248095245e-06	Buprenorphine
Compound_DB00214	2.2746028043847586e-06	Torasemide
Compound_DB01054	2.267788895800455e-06	Nitrendipine
Compound_DB01611	2.2658307613478854e-06	Hydroxychloroquine
Compound_DB01366	2.2653128472333434e-06	Procaterol
Compound_DB08866	2.264530996368603e-06	Estradiol valerate/Dienogest
Compound_DB00162	2.262541163207782e-06	Vitamin A
Compound_DB00717	2.2595497292316648e-06	Norethindrone
Compound_DB01097	2.255573895851489e-06	Leflunomide
Compound_DB00873	2.2550936306088377e-06	Loteprednol
Compound_DB00739	2.2455786510752757e-06	Hetacillin
Compound_DB00854	2.2397091892346223e-06	Levorphanol
Compound_DB08802	2.2294548218814787e-06	Isothipendyl
Compound_DB08941	2.2235393207844807e-06	Isoxsuprine
Compound_DB01130	2.221826280718536e-06	Prednicarbate
Compound_DB01418	2.205736175171868e-06	Acenocoumarol
Compound_DB08815	2.199503497760729e-06	Lurasidone
Compound_DB00496	2.199424659968013e-06	Darifenacin
Compound_DB00282	2.192047348499125e-06	Pamidronate
Compound_DB00240	2.1919085491957228e-06	Alclometasone
Compound_DB00680	2.1911889106803247e-06	Moricizine
Compound_DB00640	2.1897937323934734e-06	Adenosine
Compound_DB00980	2.1897840519962154e-06	Ramelteon
Compound_DB00880	2.187663696010239e-06	Chlorothiazide
Compound_DB00116	2.1701202804599013e-06	Tetrahydrofolic acid
Compound_DB00774	2.165860345652383e-06	Hydroflumethiazide
Compound_DB00746	2.165610032830656e-06	Deferoxamine
Compound_DB00035	2.1639372451856163e-06	Desmopressin
Compound_DB01219	2.1609140315783373e-06	Dantrolene
Compound_DB00884	2.1605497064250936e-06	Risedronate
Compound_DB03147	2.157401248048704e-06	Flavin adenine dinucleotide
Compound_DB00405	2.155339951579103e-06	Dexbrompheniramine
Compound_DB04877	2.1534862493543785e-06	Voacamine
Compound_DB00194	2.130601145368703e-06	Vidarabine
Compound_DB04938	2.1294377657750597e-06	Ospemifene
Compound_DB01340	2.1247675344269653e-06	Cilazapril
Compound_DB04842	2.0923950004507987e-06	Fluspirilene
Compound_DB00986	2.0920156188878038e-06	Glycopyrrolate
Compound_DB04841	2.091278100337253e-06	Flunarizine
Compound_DB00706	2.081272228271198e-06	Tamsulosin
Compound_DB01028	2.072875240953905e-06	Methoxyflurane
Compound_DB00630	2.07144476195158e-06	Alendronate
Compound_DB00318	2.0397225595738952e-06	Codeine
Compound_DB09009	2.0377396796517017e-06	Articaine
Compound_DB00368	2.031211433625995e-06	Norepinephrine
Compound_DB06262	2.026576932825256e-06	Droxidopa
Compound_DB00450	2.025937063358764e-06	Droperidol
Compound_DB01384	2.0222504218904927e-06	Paramethasone
Compound_DB01047	2.01747415047306e-06	Fluocinonide
Compound_DB08873	2.0151477307180024e-06	Boceprevir
Compound_DB00224	2.011744002961042e-06	Indinavir
Compound_DB01044	2.0095153345781334e-06	Gatifloxacin
Compound_DB00894	2.0088032775564008e-06	Testolactone
Compound_DB00261	1.996124950627935e-06	Anagrelide
Compound_DB00700	1.991679482987442e-06	Eplerenone
Compound_DB00686	1.989867246864514e-06	Pentosan Polysulfate
Compound_DB08970	1.984085462104432e-06	Fluprednidene Acetate
Compound_DB00611	1.983920617893868e-06	Butorphanol
Compound_DB01083	1.9813003719964103e-06	Orlistat
Compound_DB00681	1.978474049583e-06	Amphotericin B
Compound_DB01195	1.9764767873483997e-06	Flecainide
Compound_DB01240	1.967502459676054e-06	Epoprostenol
Compound_DB00131	1.966028928665029e-06	Adenosine monophosphate
Compound_DB00559	1.965721784499765e-06	Bosentan
Compound_DB01004	1.963989870942429e-06	Ganciclovir
Compound_DB00956	1.95468665820652e-06	Hydrocodone
Compound_DB00358	1.946855171408912e-06	Mefloquine
Compound_DB01081	1.9365898197133125e-06	Diphenoxylate
Compound_DB00470	1.932484190219431e-06	Dronabinol
Compound_DB00837	1.924216022309443e-06	Progabide
Compound_DB00913	1.9221726793606345e-06	Anileridine
Compound_DB00705	1.9195776615044284e-06	Delavirdine
Compound_DB01380	1.907363627593055e-06	Cortisone acetate
Compound_DB00983	1.905390095278954e-06	Formoterol
Compound_DB01274	1.905390095278954e-06	Arformoterol
Compound_DB00551	1.8989336152294828e-06	Acetohydroxamic Acid
Compound_DB00667	1.8874782612169789e-06	Histamine Phosphate
Compound_DB01072	1.876950430470893e-06	Atazanavir
Compound_DB08893	1.8764601576413652e-06	Mirabegron
Compound_DB08604	1.870568008422769e-06	Triclosan
Compound_DB01280	1.8632692466249448e-06	Nelarabine
Compound_DB01208	1.858537257271489e-06	Sparfloxacin
Compound_DB00307	1.8574929975447511e-06	Bexarotene
Compound_DB08971	1.8567845763056456e-06	Fluocortolone
Compound_DB01162	1.8525350127781247e-06	Terazosin
Compound_DB00495	1.8448168855404289e-06	Zidovudine
Compound_DB06707	1.839379694429082e-06	Levonordefrin
Compound_DB01591	1.8381781573882048e-06	Solifenacin
Compound_DB00969	1.83703780981696e-06	Alosetron
Compound_DB04794	1.836234674392946e-06	Bifonazole
Compound_DB01601	1.8294609837878732e-06	Lopinavir
Compound_DB00211	1.828411250852368e-06	Midodrine
Compound_DB01223	1.8282765353824316e-06	Aminophylline
Compound_DB00809	1.82779557344614e-06	Tropicamide
Compound_DB04574	1.819513224082026e-06	Estropipate
Compound_DB00360	1.815900089354308e-06	Tetrahydrobiopterin
Compound_DB08864	1.80733148627728e-06	Rilpivirine
Compound_DB08868	1.806709281955236e-06	Fingolimod
Compound_DB01062	1.805848919824456e-06	Oxybutynin
Compound_DB00805	1.7991916161564526e-06	Minaprine
Compound_DB01166	1.7987914716090363e-06	Cilostazol
Compound_DB00995	1.7928301627111174e-06	Auranofin
Compound_DB00455	1.7869517498485644e-06	Loratadine
Compound_DB00966	1.7851434790195782e-06	Telmisartan
Compound_DB00973	1.7846826471629777e-06	Ezetimibe
Compound_DB01076	1.7818979792555253e-06	Atorvastatin
Compound_DB00119	1.7814033243848505e-06	Pyruvic acid
Compound_DB01077	1.765756335465801e-06	Etidronic acid
Compound_DB04786	1.7633994456006276e-06	Suramin
Compound_DB00471	1.763310424574431e-06	Montelukast
Compound_DB00627	1.7615645884793225e-06	Niacin
Compound_DB01128	1.756827315964138e-06	Bicalutamide
Compound_DB00749	1.7450831421749012e-06	Etodolac
Compound_DB00978	1.7447490070225957e-06	Lomefloxacin
Compound_DB00769	1.738381045974836e-06	Hydrocortamate
Compound_DB01261	1.7344062006134258e-06	Sitagliptin
Compound_DB00655	1.72986781694605e-06	Estrone
Compound_DB00303	1.7291695727651442e-06	Ertapenem
Compound_DB09015	1.72738259558679e-06	Potassium Canrenoate
Compound_DB00158	1.7169369649430597e-06	Folic Acid
Compound_DB00724	1.70688413015336e-06	Imiquimod
Compound_DB01171	1.7067905160959697e-06	Moclobemide
Compound_DB01348	1.697252588467021e-06	Spirapril
Compound_DB01067	1.6968374832759317e-06	Glipizide
Compound_DB01586	1.6967180012221708e-06	Ursodeoxycholic acid
Compound_DB06717	1.6904006914314373e-06	Fosaprepitant
Compound_DB01578	1.6848901560044133e-06	Metrizamide
Compound_DB00153	1.681250007098955e-06	Ergocalciferol
Compound_DB01264	1.6720115153304906e-06	Darunavir
Compound_DB09014	1.6669712847734896e-06	Captodiame
Compound_DB03166	1.6649486960089118e-06	Acetic acid
Compound_DB00787	1.6573565859847408e-06	Aciclovir
Compound_DB00369	1.6554411300103882e-06	Cidofovir
Compound_DB00436	1.639536241413515e-06	Bendroflumethiazide
Compound_DB00356	1.6351805409867912e-06	Chlorzoxazone
Compound_DB00300	1.6334828492291477e-06	Tenofovir
Compound_DB01401	1.6321966470949882e-06	Trisalicylate-choline
Compound_DB00654	1.631948612844747e-06	Latanoprost
Compound_DB00220	1.6312593541909942e-06	Nelfinavir
Compound_DB00916	1.630475896676579e-06	Metronidazole
Compound_DB06817	1.626772872463146e-06	Raltegravir
Compound_DB01073	1.6262040683041244e-06	Fludarabine
Compound_DB05521	1.6258991441925626e-06	Telaprevir
Compound_DB00345	1.6250509474016014e-06	Aminohippurate
Compound_DB00412	1.6215414608069294e-06	Rosiglitazone
Compound_DB00437	1.6180444625369138e-06	Allopurinol
Compound_DB00917	1.6112933648443913e-06	Dinoprostone
Compound_DB01192	1.6073739093130945e-06	Oxymorphone
Compound_DB00743	1.6022322027841518e-06	Gadobenate Dimeglumine
Compound_DB00394	1.598955046584906e-06	Beclomethasone
Compound_DB00233	1.5986212718714743e-06	Aminosalicylic Acid
Compound_DB01138	1.5957327084503792e-06	Sulfinpyrazone
Compound_DB01048	1.5850754352607292e-06	Abacavir
Compound_DB00294	1.5832709577479855e-06	Etonogestrel
Compound_DB01088	1.583187722371627e-06	Iloprost
Compound_DB00899	1.5811717626635843e-06	Remifentanil
Compound_DB00364	1.577509171968292e-06	Sucralfate
Compound_DB00691	1.5772044870319655e-06	Moexipril
Compound_DB00844	1.5697075958320965e-06	Nalbuphine
Compound_DB00014	1.5665975950166607e-06	Goserelin
Compound_DB00770	1.5572459071651306e-06	Alprostadil
Compound_DB00605	1.551837484424966e-06	Sulindac
Compound_DB06144	1.5494443352153909e-06	Sertindole
Compound_DB00222	1.549002897636572e-06	Glimepiride
Compound_DB00528	1.5469640770709534e-06	Lercanidipine
Compound_DB01610	1.5367217469275112e-06	Valganciclovir
Compound_DB01022	1.5344631432794443e-06	Phylloquinone
Compound_DB00672	1.5333783066474918e-06	Chlorpropamide
Compound_DB01420	1.5272996451843195e-06	Testosterone Propionate
Compound_DB08918	1.526791544813794e-06	Levomilnacipran
Compound_DB06777	1.52355427222387e-06	Chenodeoxycholic acid
Compound_DB00710	1.521153452235754e-06	Ibandronate
Compound_DB00552	1.517461481570866e-06	Pentostatin
Compound_DB06155	1.5130077218466513e-06	Rimonabant
Compound_DB00395	1.5042839703221656e-06	Carisoprodol
Compound_DB00275	1.502515738422886e-06	Olmesartan
Compound_DB01501	1.4978679474003012e-06	Difenoxin
Compound_DB01020	1.4977411101724562e-06	Isosorbide Mononitrate
Compound_DB01059	1.497632392174477e-06	Norfloxacin
Compound_DB01183	1.4960048684943136e-06	Naloxone
Compound_DB00796	1.4932194161358311e-06	Candesartan
Compound_DB00846	1.4930538914314598e-06	Flurandrenolide
Compound_DB00154	1.4905568553962715e-06	Dihomo-gamma-linolenic acid
Compound_DB01551	1.4905529737593538e-06	Dihydrocodeine
Compound_DB00284	1.4834693878846055e-06	Acarbose
Compound_DB00501	1.4832905971128925e-06	Cimetidine
Compound_DB00177	1.4792242243723715e-06	Valsartan
Compound_DB01205	1.4766939669943965e-06	Flumazenil
Compound_DB02300	1.4752857878031049e-06	Calcipotriol
Compound_DB00863	1.4734632475079262e-06	Ranitidine
Compound_DB01131	1.469365809881835e-06	Proguanil
Compound_DB01003	1.4674781745742125e-06	Cromoglicic acid
Compound_DB01241	1.4657849544826771e-06	Gemfibrozil
Compound_DB00795	1.4560890467364274e-06	Sulfasalazine
Compound_DB00457	1.4483221786966797e-06	Prazosin
Compound_DB01400	1.440304595348155e-06	Neostigmine
Compound_DB00789	1.4198557114098044e-06	Gadopentetate dimeglumine
Compound_DB00834	1.4186301752051378e-06	Mifepristone
Compound_DB00737	1.4163304391830304e-06	Meclizine
Compound_DB00371	1.4134723268652898e-06	Meprobamate
Compound_DB01291	1.40221696805319e-06	Pirbuterol
Compound_DB00207	1.3999051613783145e-06	Azithromycin
Compound_DB01357	1.3968418129302111e-06	Mestranol
Compound_DB00489	1.3934340968496923e-06	Sotalol
Compound_DB00871	1.3899468668518058e-06	Terbutaline
Compound_DB00478	1.389634673637974e-06	Rimantadine
Compound_DB00862	1.379673417406356e-06	Vardenafil
Compound_DB01021	1.3775056876513047e-06	Trichlormethiazide
Compound_DB04896	1.373789480938522e-06	Milnacipran
Compound_DB01190	1.3723319810993585e-06	Clindamycin
Compound_DB00221	1.3721179924083842e-06	Isoetarine
Compound_DB00782	1.369245663475152e-06	Propantheline
Compound_DB00771	1.3692343459265438e-06	Clidinium
Compound_DB04839	1.3665037141965964e-06	Cyproterone acetate
Compound_DB06691	1.364690414405528e-06	Mepyramine
Compound_DB00685	1.362546845013375e-06	Trovafloxacin
Compound_DB00950	1.361855794559401e-06	Fexofenadine
Compound_DB01124	1.3585677074771875e-06	Tolbutamide
Compound_DB00557	1.3582187124427345e-06	Hydroxyzine
Compound_DB01392	1.3564988375735006e-06	Yohimbine
Compound_DB01014	1.3563695452201765e-06	Balsalazide
Compound_DB08827	1.3544820852112386e-06	Lomitapide
Compound_DB01409	1.353308472405741e-06	Tiotropium
Compound_DB08816	1.3451196718819031e-06	Ticagrelor
Compound_DB00938	1.338474330485958e-06	Salmeterol
Compound_DB00232	1.3358108007782655e-06	Methyclothiazide
Compound_DB00566	1.3347236568368276e-06	Succimer
Compound_DB00291	1.3334912631593944e-06	Chlorambucil
Compound_DB01032	1.327869171997535e-06	Probenecid
Compound_DB00538	1.32712268438391e-06	Gadoversetamide
Compound_DB00967	1.3242316648576813e-06	Desloratadine
Compound_DB01185	1.3140473996255069e-06	Fluoxymesterone
Compound_DB04920	1.3079935753027458e-06	Clevidipine
Compound_DB00512	1.3065346985955683e-06	Vancomycin
Compound_DB02638	1.3057547599967174e-06	Terlipressin
Compound_DB01207	1.3042852334442913e-06	Ridogrel
Compound_DB01250	1.297237929429842e-06	Olsalazine
Compound_DB00411	1.2951422320504054e-06	Carbachol
Compound_DB04967	1.2924219044209713e-06	Lucanthone
Compound_DB00304	1.290206002419402e-06	Desogestrel
Compound_DB00905	1.2894765733195912e-06	Bimatoprost
Compound_DB00520	1.2888045196727892e-06	Caspofungin
Compound_DB08903	1.2839614230743393e-06	Bedaquiline
Compound_DB00665	1.2804499525029743e-06	Nilutamide
Compound_DB00645	1.2779224998797397e-06	Dyclonine
Compound_DB08967	1.2712655709830572e-06	Dimetotiazine
Compound_DB00891	1.2693277826383406e-06	Sulfapyridine
Compound_DB01411	1.2684481358884732e-06	Pranlukast
Compound_DB01148	1.2615395562491137e-06	Flavoxate
Compound_DB00545	1.2599633215885187e-06	Pyridostigmine
Compound_DB01212	1.256173653826924e-06	Ceftriaxone
Compound_DB06213	1.2554785646385011e-06	Regadenoson
Compound_DB01164	1.2500994911133434e-06	Calcium Chloride
Compound_DB00757	1.248095281030881e-06	Dolasetron
Compound_DB00298	1.240399526828976e-06	Dapiprazole
Compound_DB00650	1.2392354819413371e-06	Leucovorin
Compound_DB00867	1.2374066539411598e-06	Ritodrine
Compound_DB08800	1.2326789310144408e-06	Chloropyramine
Compound_DB00257	1.2187006715194502e-06	Clotrimazole
Compound_DB08954	1.2141135710451891e-06	Ifenprodil
Compound_DB00742	1.2117172198616911e-06	Mannitol
Compound_DB00259	1.211092282505646e-06	Sulfanilamide
Compound_DB00900	1.2085528117199623e-06	Didanosine
Compound_DB04844	1.2070419203746567e-06	Tetrabenazine
Compound_DB00889	1.204348632726836e-06	Granisetron
Compound_DB00469	1.1991701814325709e-06	Tenoxicam
Compound_DB01184	1.1955491855489365e-06	Domperidone
Compound_DB00415	1.1927169879031363e-06	Ampicillin
Compound_DB01155	1.1886590502418665e-06	Gemifloxacin
Compound_DB06698	1.1800815237166518e-06	Betahistine
Compound_DB00322	1.1779712646584448e-06	Floxuridine
Compound_DB08947	1.1764792327188425e-06	Iopamidol
Compound_DB00671	1.17410871296512e-06	Cefixime
Compound_DB00935	1.1739515778194717e-06	Oxymetazoline
Compound_DB00760	1.1704258731311967e-06	Meropenem
Compound_DB01395	1.1692833263759808e-06	Drospirenone
Compound_DB00529	1.163746744374936e-06	Foscarnet
Compound_DB00549	1.1597955354955286e-06	Zafirlukast
Compound_DB08887	1.1593103855560252e-06	Icosapent ethyl
Compound_DB08906	1.1586465292850506e-06	Fluticasone furoate
Compound_DB00293	1.1555869595341775e-06	Raltitrexed
Compound_DB00562	1.1523823246592314e-06	Benzthiazide
Compound_DB00122	1.145381134218645e-06	Choline
Compound_DB00308	1.1453141914163108e-06	Ibutilide
Compound_DB04930	1.1433296955320336e-06	Permethrin
Compound_DB06705	1.1425583390580563e-06	Gadofosveset trisodium
Compound_DB00856	1.139635913257815e-06	Chlorphenesin
Compound_DB00907	1.1381937104857076e-06	Cocaine
Compound_DB00377	1.1339124669999228e-06	Palonosetron
Compound_DB06813	1.1314029455389538e-06	Pralatrexate
Compound_DB00876	1.1312297891694545e-06	Eprosartan
Compound_DB01220	1.1269157417528234e-06	Rifaximin
Compound_DB01245	1.1261183173698317e-06	Decamethonium
Compound_DB00649	1.1242017999910002e-06	Stavudine
Compound_DB01132	1.1234271131432114e-06	Pioglitazone
Compound_DB00225	1.1229914801756345e-06	Gadodiamide
Compound_DB06712	1.117369506776814e-06	Nilvadipine
Compound_DB00287	1.1106464741347246e-06	Travoprost
Compound_DB01416	1.1105241282886083e-06	Cefpodoxime
Compound_DB01259	1.1085966713483634e-06	Lapatinib
Compound_DB00839	1.1078367193030416e-06	Tolazamide
Compound_DB00577	1.1052182629482112e-06	Valaciclovir
Compound_DB08932	1.105197196184153e-06	MACITENTAN
Compound_DB00976	1.0980865129835214e-06	Telithromycin
Compound_DB00354	1.0964492739048583e-06	Buclizine
Compound_DB06729	1.0962547557680644e-06	Sulfaphenazole
Compound_DB00198	1.088057518393665e-06	Oseltamivir
Compound_DB01618	1.0858426896109386e-06	Molindone
Compound_DB00660	1.0785724143908714e-06	Metaxalone
Compound_DB00204	1.0714455205498984e-06	Dofetilide
Compound_DB00093	1.0699348534518633e-06	Felypressin
Compound_DB00929	1.068464205921874e-06	Misoprostol
Compound_DB00975	1.0600045772447233e-06	Dipyridamole
Compound_DB00791	1.0505787085568702e-06	Uracil mustard
Compound_DB08889	1.0447887442080677e-06	Carfilzomib
Compound_DB00626	1.0432439763511514e-06	Bacitracin
Compound_DB08820	1.0414495103241846e-06	Ivacaftor
Compound_DB01180	1.0383472491562444e-06	Rescinnamine
Compound_DB01141	1.0369490574100209e-06	Micafungin
Compound_DB01249	1.0339819788598543e-06	Iodixanol
Compound_DB00391	1.025054357787732e-06	Sulpiride
Compound_DB08987	1.0249630497220888e-06	Etidocaine
Compound_DB00912	1.021335381370946e-06	Repaglinide
Compound_DB08884	1.0179742570181118e-06	Gadoxetate
Compound_DB00833	1.0121026142881578e-06	Cefaclor
Compound_DB00781	1.0050363497057025e-06	Polymyxin B Sulfate
Compound_DB08796	1.003125373207797e-06	Pipazethate
Compound_DB00601	1.0025897228315874e-06	Linezolid
Compound_DB00778	9.87186598593307e-07	Roxithromycin
Compound_DB00802	9.867773722325617e-07	Alfentanil
Compound_DB01091	9.767517658683368e-07	Butenafine
Compound_DB01436	9.762451271644993e-07	Alfacalcidol
Compound_DB01160	9.715720481003092e-07	Dinoprost Tromethamine
Compound_DB01006	9.623330545290044e-07	Letrozole
Compound_DB01265	9.622267455089622e-07	Telbivudine
Compound_DB00652	9.621673700811325e-07	Pentazocine
Compound_DB06402	9.598511405383914e-07	Telavancin
Compound_DB01217	9.552591540878943e-07	Anastrozole
Compound_DB00266	9.544267647333237e-07	Dicoumarol
Compound_DB01191	9.526591096183452e-07	Dexfenfluramine
Compound_DB06290	9.500777555829234e-07	SIMEPREVIR
Compound_DB00684	9.465363461168884e-07	Tobramycin
Compound_DB06804	9.396985422301928e-07	Nonoxynol-9
Compound_DB00569	9.384358844961958e-07	Fondaparinux sodium
Compound_DB00615	9.371922914473018e-07	Rifabutin
Compound_DB01060	9.347200260904384e-07	Amoxicillin
Compound_DB06414	9.335436737883424e-07	Etravirine
Compound_DB00346	9.334210114913902e-07	Alfuzosin
Compound_DB00229	9.316902861201888e-07	Cefotiam
Compound_DB00728	9.3160396769681e-07	Rocuronium
Compound_DB00271	9.28749543580508e-07	Diatrizoate
Compound_DB00146	9.187289917017878e-07	Calcidiol
Compound_DB06623	9.185968981239376e-07	Flupirtine
Compound_DB08994	9.131755269604972e-07	Ditazole
Compound_DB00351	9.129542148415412e-07	Megestrol acetate
Compound_DB00485	9.06445039077142e-07	Dicloxacillin
Compound_DB00879	9.058248293323878e-07	Emtricitabine
Compound_DB00208	8.93882700706011e-07	Ticlopidine
Compound_DB01033	8.933886509794374e-07	Mercaptopurine
Compound_DB04552	8.910320806195571e-07	Niflumic Acid
Compound_DB01070	8.871158523094577e-07	Dihydrotachysterol
Compound_DB04845	8.86073794592766e-07	Ixabepilone
Compound_DB00140	8.780624366718097e-07	Riboflavin
Compound_DB00442	8.721363346191771e-07	Entecavir
Compound_DB00911	8.717197520935535e-07	Tinidazole
Compound_DB01112	8.716878013856389e-07	Cefuroxime
Compound_DB09003	8.70463662409288e-07	Clocapramine
Compound_DB00666	8.668195916249144e-07	Nafarelin
Compound_DB00699	8.642957391677473e-07	Nicergoline
Compound_DB01209	8.642177693607035e-07	Dezocine
Compound_DB08974	8.631572789962289e-07	Flubendazole
Compound_DB00692	8.625471716366823e-07	Phentolamine
Compound_DB06228	8.592848451154905e-07	Rivaroxaban
Compound_DB00744	8.589594116962577e-07	Zileuton
Compound_DB00820	8.574559182557649e-07	Tadalafil
Compound_DB00253	8.568007465810246e-07	Medrysone
Compound_DB00576	8.563294792285707e-07	Sulfamethizole
Compound_DB06725	8.49931280339769e-07	Lornoxicam
Compound_DB00798	8.488438486281095e-07	Gentamicin
Compound_DB00838	8.486195141480626e-07	Clocortolone
Compound_DB00698	8.479101380917201e-07	Nitrofurantoin
Compound_DB00816	8.444857942756395e-07	Orciprenaline
Compound_DB00927	8.429325147043332e-07	Famotidine
Compound_DB00199	8.424163948664762e-07	Erythromycin
Compound_DB00426	8.399097321864903e-07	Famciclovir
Compound_DB06781	8.368051110815618e-07	Difluprednate
Compound_DB00729	8.34672583349492e-07	Diphemanil Methylsulfate
Compound_DB00888	8.334461332105941e-07	Mechlorethamine
Compound_DB00823	8.318606899263776e-07	Ethynodiol
Compound_DB01055	8.283311687992515e-07	Mimosine
Compound_DB05109	8.283238300541251e-07	Trabectedin
Compound_DB00115	8.277722132659013e-07	Cyanocobalamin
Compound_DB00362	8.274556413579471e-07	Anidulafungin
Compound_DB01592	8.25465124244951e-07	Iron
Compound_DB00428	8.208369996918661e-07	Streptozocin
Compound_DB05039	8.200454976183184e-07	Indacaterol
Compound_DB04890	8.198425038657572e-07	Bepotastine
Compound_DB01275	8.196431554979403e-07	Hydralazine
Compound_DB06196	8.168922864750482e-07	Icatibant
Compound_DB00319	8.156215824834377e-07	Piperacillin
Compound_DB01199	8.149435417024681e-07	Tubocurarine
Compound_DB00708	8.136208155428409e-07	Sufentanil
Compound_DB00567	8.118027153004227e-07	Cephalexin
Compound_DB00804	8.081246117052675e-07	Dicyclomine
Compound_DB04575	8.08101017013601e-07	Quinestrol
Compound_DB01169	8.075452973039081e-07	Arsenic trioxide
Compound_DB00499	8.055192901582636e-07	Flutamide
Compound_DB08826	7.987134276853207e-07	Deferiprone
Compound_DB00957	7.979268857750603e-07	Norgestimate
Compound_DB00636	7.973785689426594e-07	Clofibrate
Compound_DB00872	7.961298050211723e-07	Conivaptan
Compound_DB01133	7.931610780710266e-07	Tiludronate
Compound_DB00388	7.924356803279192e-07	Phenylephrine
Compound_DB01337	7.919671753444196e-07	Pancuronium
Compound_DB00718	7.917696744080527e-07	Adefovir Dipivoxil
Compound_DB01656	7.895989360365882e-07	Roflumilast
Compound_DB06699	7.769432822821937e-07	Degarelix
Compound_DB08847	7.743497430616229e-07	Hydroxyproline
Compound_DB00118	7.729410019550008e-07	S-Adenosylmethionine
Compound_DB00127	7.701587516351303e-07	Spermine
Compound_DB01213	7.686747077393474e-07	Fomepizole
Compound_DB06694	7.676739945359229e-07	Xylometazoline
Compound_DB00446	7.662584197110233e-07	Chloramphenicol
Compound_DB00606	7.614873120495487e-07	Cyclothiazide
Compound_DB00299	7.571370636719715e-07	Penciclovir
Compound_DB00173	7.531880536162486e-07	Adenine
Compound_DB00409	7.518074142441436e-07	Remoxipride
Compound_DB00663	7.453939056024152e-07	Flumethasone Pivalate
Compound_DB01413	7.44446909687342e-07	Cefepime
Compound_DB01319	7.402969700016151e-07	Fosamprenavir
Compound_DB06697	7.368318195243067e-07	Artemether
Compound_DB06689	7.354242191549125e-07	Ethanolamine Oleate
Compound_DB01339	7.349491927251877e-07	Vecuronium
Compound_DB06209	7.344847630650573e-07	Prasugrel
Compound_DB00596	7.326824745910056e-07	Halobetasol Propionate
Compound_DB01084	7.323170761065337e-07	Emedastine
Compound_DB01362	7.297685857370407e-07	Iohexol
Compound_DB01324	7.271997094620898e-07	Polythiazide
Compound_DB00276	7.234790077732132e-07	Amsacrine
Compound_DB01226	7.190053062362335e-07	Mivacurium
Compound_DB00202	7.183842563778504e-07	Succinylcholine
Compound_DB08907	7.173031134189778e-07	Canagliflozin
Compound_DB01602	7.163347694745601e-07	Bacampicillin
Compound_DB00727	7.158784203959728e-07	Nitroglycerin
Compound_DB06292	7.134060775238049e-07	Dapagliflozin
Compound_DB01466	7.122750942585995e-07	Ethylmorphine
Compound_DB00583	7.093398001286013e-07	L-Carnitine
Compound_DB00383	7.06708880406783e-07	Oxyphencyclimine
Compound_DB06702	7.059988381249319e-07	Fesoterodine
Compound_DB06695	7.035010732966921e-07	Dabigatran etexilate
Compound_DB00483	6.978558034413608e-07	Gallamine Triethiodide
Compound_DB00504	6.962212989092099e-07	Levallorphan
Compound_DB08897	6.858425181144851e-07	Aclidinium
Compound_DB00565	6.792778594983993e-07	Cisatracurium Besylate
Compound_DB00732	6.792778594983993e-07	Atracurium
Compound_DB00824	6.757447697958557e-07	Enprofylline
Compound_DB01288	6.73163829748033e-07	Fenoterol
Compound_DB00429	6.731447683470918e-07	Carboprost Tromethamine
Compound_DB01327	6.720434740786136e-07	Cefazolin
Compound_DB00419	6.705988710765807e-07	Miglustat
Compound_DB00621	6.698872283135402e-07	Oxandrolone
Compound_DB00535	6.67795018906656e-07	Cefdinir
Compound_DB06267	6.674502235908288e-07	Udenafil
Compound_DB06795	6.624123969766861e-07	Mafenide
Compound_DB06800	6.576048875320485e-07	Methylnaltrexone
Compound_DB00940	6.570636311926143e-07	Methantheline
Compound_DB01010	6.558131969017785e-07	Edrophonium
Compound_DB00526	6.517729650904604e-07	Oxaliplatin
Compound_DB01289	6.514685581696081e-07	Glisoxepide
Compound_DB01058	6.462845744417079e-07	Praziquantel
Compound_DB06150	6.437551462729226e-07	Sulfadimethoxine
Compound_DB00875	6.422728065566606e-07	Flupentixol
Compound_DB08984	6.417770976124829e-07	Etofenamate
Compound_DB01431	6.401922424089599e-07	Allylestrenol
Compound_DB00251	6.392348206879712e-07	Terconazole
Compound_DB09028	6.386669179154225e-07	Cytisine
Compound_DB01581	6.382799376409982e-07	Sulfamerazine
Compound_DB00438	6.367809864145817e-07	Ceftazidime
Compound_DB00449	6.311609016922555e-07	Dipivefrin
Compound_DB00815	6.308653880707415e-07	Sodium lauryl sulfate
Compound_DB06147	6.307032898310747e-07	Sulfathiazole
Compound_DB06713	6.304750110652122e-07	Norelgestromin
Compound_DB00301	6.296176301294594e-07	Flucloxacillin
Compound_DB00607	6.263766134587389e-07	Nafcillin
Compound_DB01051	6.26261490133925e-07	Novobiocin
Compound_DB01582	6.262026853186444e-07	Sulfamethazine
Compound_DB06738	6.195565068398897e-07	Ketobemidone
Compound_DB00200	6.163217764169975e-07	Hydroxocobalamin
Compound_DB00716	6.161469880343995e-07	Nedocromil
Compound_DB06212	6.156301593244405e-07	Tolvaptan
Compound_DB00235	6.151883086460219e-07	Milrinone
Compound_DB01338	6.079928784496502e-07	Pipecuronium
Compound_DB00179	5.9828357341366e-07	Masoprocol
Compound_DB00951	5.969238175023088e-07	Isoniazid
Compound_DB06715	5.965337327871385e-07	Potassium Iodide
Compound_DB01157	5.954718766208332e-07	Trimetrexate
Compound_DB06274	5.944230345917744e-07	Alvimopan
Compound_DB00460	5.935863555135612e-07	Verteporfin
Compound_DB08804	5.910377857317346e-07	Nandrolone decanoate
Compound_DB08798	5.783035860826886e-07	Sulfamoxole
Compound_DB00720	5.778910815551443e-07	Clodronate
Compound_DB00378	5.761569266967715e-07	Dydrogesterone
Compound_DB00664	5.720602089319347e-07	Sulfametopyrazine
Compound_DB00883	5.694838607906772e-07	Isosorbide Dinitrate
Compound_DB00730	5.690349865584088e-07	Thiabendazole
Compound_DB00255	5.684814917557602e-07	Diethylstilbestrol
Compound_DB00942	5.673637071857524e-07	Cycrimine
Compound_DB00841	5.671925390801376e-07	Dobutamine
Compound_DB01143	5.671434955160103e-07	Amifostine
Compound_DB01298	5.654277796369092e-07	Sulfacytine
Compound_DB04861	5.648605557868505e-07	Nebivolol
Compound_DB08983	5.638085632653145e-07	Etofibrate
Compound_DB00800	5.627341032152456e-07	Fenoldopam
Compound_DB00817	5.618333483287101e-07	Rosoxacin
Compound_DB00432	5.598214111309478e-07	Trifluridine
Compound_DB00868	5.596249859344781e-07	Benzonatate
Compound_DB05812	5.587107137793812e-07	Abiraterone
Compound_DB00992	5.432805751625147e-07	Methyl aminolevulinate
Compound_DB00597	5.420339619497757e-07	Gadoteridol
Compound_DB00375	5.408334395807703e-07	Colestipol
Compound_DB06605	5.405541340543724e-07	Apixaban
Compound_DB00219	5.383598504545324e-07	Oxyphenonium
Compound_DB01127	5.356298971215515e-07	Econazole
Compound_DB00644	5.346597854008815e-07	Gonadorelin
Compound_DB05260	5.306802649176705e-07	Gallium nitrate
Compound_DB01627	5.29022282789883e-07	Lincomycin
Compound_DB01408	5.243010627397755e-07	Bambuterol
Compound_DB00183	5.241850764439106e-07	Pentagastrin
Compound_DB08882	5.216965614111638e-07	Linagliptin
Compound_DB06237	5.209313418652882e-07	Avanafil
Compound_DB01135	5.208536783787223e-07	Doxacurium chloride
Compound_DB00493	5.205684635228268e-07	Cefotaxime
Compound_DB00348	5.188913227338753e-07	Nitisinone
Compound_DB00793	5.151758094046504e-07	Haloprogin
Compound_DB00417	5.15002331466872e-07	Penicillin V
Compound_DB00467	5.14941134629473e-07	Enoxacin
Compound_DB08944	5.113901553172735e-07	Isoaminile
Compound_DB01201	5.111415835737058e-07	Rifapentine
Compound_DB00350	5.098111308187362e-07	Minoxidil
Compound_DB00355	5.074858855316794e-07	Aztreonam
Compound_DB01336	5.069787134662061e-07	Metocurine
Compound_DB01463	5.037706990747481e-07	Fencamfamine
Compound_DB01111	4.998347630564725e-07	Colistimethate
Compound_DB00407	4.994936312537301e-07	Ardeparin
Compound_DB01102	4.985688764551581e-07	Arbutamine
Compound_DB00260	4.972030008120581e-07	Cycloserine
Compound_DB01294	4.965137792103385e-07	Bismuth Subsalicylate
Compound_DB00693	4.942843223274392e-07	Fluorescein
Compound_DB00491	4.903566996889194e-07	Miglitol
Compound_DB01140	4.893762246557421e-07	Cefadroxil
Compound_DB00302	4.89013435927825e-07	Tranexamic Acid
Compound_DB00380	4.871043509162972e-07	Dexrazoxane
Compound_DB01057	4.835436722708535e-07	Echothiophate
Compound_DB00878	4.824880906973591e-07	Chlorhexidine
Compound_DB01452	4.791488649288161e-07	Heroin
Compound_DB08819	4.787188437940194e-07	Tafluprost
Compound_DB01425	4.753890798287249e-07	Alizapride
Compound_DB01019	4.723854365225695e-07	Bethanechol
Compound_DB00858	4.707392292807982e-07	Drostanolone
Compound_DB01243	4.676070368563273e-07	Chloroxine
Compound_DB01251	4.645221799926665e-07	Gliquidone
Compound_DB00637	4.6309879811242043e-07	Astemizole
Compound_DB01150	4.582083220324977e-07	Cefprozil
Compound_DB01216	4.566139673748698e-07	Finasteride
Compound_DB01415	4.554188937725685e-07	Ceftibuten
Compound_DB01108	4.5138175878072957e-07	Trilostane
Compound_DB00595	4.511510608672569e-07	Oxytetracycline
Compound_DB00779	4.5026918259883474e-07	Nalidixic Acid
Compound_DB06207	4.500809772941699e-07	Silodosin
Compound_DB06768	4.499526716424734e-07	Ammonium lactate
Compound_DB00713	4.489236856540441e-07	Oxacillin
Compound_DB00931	4.4767468686426556e-07	Methacycline
Compound_DB00389	4.470265062139342e-07	Carbimazole
Compound_DB06771	4.4694977405948563e-07	Besifloxacin
Compound_DB01011	4.390279443587601e-07	Metyrapone
Compound_DB00923	4.389718366316947e-07	Ceforanide
Compound_DB00981	4.369126442451372e-07	Physostigmine
Compound_DB00488	4.3544700411679243e-07	Altretamine
Compound_DB05630	4.347933680780308e-07	Sodium stibogluconate
Compound_DB00558	4.296494711510379e-07	Zanamivir
Compound_DB00618	4.26811375028221e-07	Demeclocycline
Compound_DB08934	4.2601963850347713e-07	Sofosbuvir
Compound_DB02187	4.211960944309665e-07	Equilin
Compound_DB06335	4.206257140284129e-07	Saxagliptin
Compound_DB00898	4.202839272839076e-07	Ethanol
Compound_DB00126	4.187117832305922e-07	Vitamin C
Compound_DB01301	4.176621864480671e-07	Rolitetracycline
Compound_DB01172	4.16288912865541e-07	Kanamycin
Compound_DB02703	4.115198612487812e-07	Fusidic Acid
Compound_DB00560	4.108404703010187e-07	Tigecycline
Compound_DB01218	4.107862120729381e-07	Halofantrine
Compound_DB00278	4.10652952721544e-07	Argatroban
Compound_DB01087	4.0999777983943954e-07	Primaquine
Compound_DB00456	4.070032365793529e-07	Cefalotin
Compound_DB00610	4.062608500711005e-07	Metaraminol
Compound_DB01361	4.057330380585579e-07	Troleandomycin
Compound_DB00453	4.022635146486354e-07	Clomocycline
Compound_DB00256	4.022635146486354e-07	Lymecycline
Compound_DB01099	3.977016045032322e-07	Flucytosine
Compound_DB06703	3.964707628742255e-07	Gadobutrol
Compound_DB00330	3.950282091244177e-07	Ethambutol
Compound_DB00616	3.9479486741369653e-07	Candoxatril
Compound_DB00403	3.919654968060646e-07	Ceruletide
Compound_DB00400	3.917565752342318e-07	Griseofulvin
Compound_DB01158	3.8972480115145444e-07	Bretylium
Compound_DB00578	3.893412762110997e-07	Carbenicillin
Compound_DB01089	3.830886630348124e-07	Deserpidine
Compound_DB00326	3.824402102584436e-07	Calcium Gluceptate
Compound_DB01282	3.798490947424585e-07	Carbetocin
Compound_DB01349	3.7835329805544005e-07	Tasosartan
Compound_DB00922	3.759433594766332e-07	Levosimendan
Compound_DB00799	3.733416812550127e-07	Tazarotene
Compound_DB01607	3.724431728122013e-07	Ticarcillin
Compound_DB00733	3.720283407116776e-07	Pralidoxime
Compound_DB00890	3.710743927795738e-07	Dienestrol
Compound_DB00707	3.709962817147693e-07	Porfimer
Compound_DB08976	3.7095359908059005e-07	Floctafenine
Compound_DB04942	3.687577047225965e-07	Tamibarotene
Compound_DB00487	3.6708917463213233e-07	Pefloxacin
Compound_DB00189	3.655850986825245e-07	Ethchlorvynol
Compound_DB01332	3.586515657735451e-07	Ceftizoxime
Compound_DB00974	3.586110802397168e-07	Edetic Acid
Compound_DB00239	3.544837065036883e-07	Oxiconazole
Compound_DB00954	3.439873363782981e-07	Dirithromycin
Compound_DB01331	3.398172887121211e-07	Cefoxitin
Compound_DB00050	3.345988988169375e-07	Cetrorelix
Compound_DB00845	3.342543871356724e-07	Clofazimine
Compound_DB01330	3.3274339970731e-07	Cefotetan
Compound_DB00609	3.2894548411310295e-07	Ethionamide
Compound_DB08822	3.264497178858877e-07	Azilsartan medoxomil
Compound_DB04876	3.256989582762418e-07	Vildagliptin
Compound_DB00828	3.244743425994389e-07	Fosfomycin
Compound_DB01225	3.235186998375452e-07	Enoxaparin
Compound_DB00249	3.222928686170131e-07	Idoxuridine
Compound_DB06709	3.215210661378135e-07	Methacholine
Compound_DB08905	3.195928509888882e-07	Formestane
Compound_DB00581	3.193387555792646e-07	Lactulose
Compound_DB04711	3.1869298867861415e-07	Iodipamide
Compound_DB00653	3.166244762099198e-07	Magnesium Sulfate
Compound_DB00984	3.164207941081964e-07	Nandrolone phenpropionate
Compound_DB00826	3.155805840400884e-07	Natamycin
Compound_DB00336	3.149970376687612e-07	Nitrofural
Compound_DB00352	3.1047381466840653e-07	Tioguanine
Compound_DB06809	3.101990578619288e-07	Plerixafor
Compound_DB00464	3.087722504437289e-07	Sodium Tetradecyl Sulfate
Compound_DB00210	3.067688031169363e-07	Adapalene
Compound_DB06590	2.9717179042527e-07	Ceftaroline fosamil
Compound_DB00427	2.919572591700178e-07	Triprolidine
Compound_DB00775	2.884486031677074e-07	Tirofiban
Compound_DB01126	2.830962129795889e-07	Dutasteride
Compound_DB08930	2.825116321446065e-07	Dolutegravir
Compound_DB08834	2.790996374104583e-07	Tauroursodeoxycholic acid
Compound_DB00479	2.7734606000965573e-07	Amikacin
Compound_DB00646	2.762070769182888e-07	Nystatin
Compound_DB00144	2.757427561572932e-07	Phosphatidylserine
Compound_DB05013	2.706925235058199e-07	Ingenol Mebutate
Compound_DB00614	2.7042477459094774e-07	Furazolidone
Compound_DB08810	2.685130754315043e-07	Cinitapride
Compound_DB01342	2.648715354867925e-07	Forasartan
Compound_DB01147	2.610391434060809e-07	Cloxacillin
Compound_DB00639	2.6040975353768666e-07	Butoconazole
Compound_DB01419	2.5939017500638546e-07	Antrafenine
Compound_DB00141	2.58132503043968e-07	N-Acetyl-D-glucosamine
Compound_DB05389	2.534251290358625e-07	WF10
Compound_DB00339	2.5140221252705865e-07	Pyrazinamide
Compound_DB06718	2.506013807993832e-07	Stanozolol
Compound_DB01007	2.499818492382946e-07	Tioconazole
Compound_DB08874	2.4643579121578705e-07	Fidaxomicin
Compound_DB01170	2.4580068067663255e-07	Guanethidine
Compound_DB06730	2.418954776205865e-07	Gestodene
Compound_DB00689	2.3899980056885983e-07	Cephaloglycin
Compound_DB01430	2.3869556743627337e-07	Almitrine
Compound_DB01421	2.3829672721881854e-07	Paromomycin
Compound_DB06203	2.34492493092154e-07	Alogliptin
Compound_DB00152	2.336762171667097e-07	Thiamine
Compound_DB01061	2.3197446125650295e-07	Azlocillin
Compound_DB00226	2.314356163319282e-07	Guanadrel
Compound_DB08890	2.273167591912259e-07	Linaclotide
Compound_DB01321	2.268887990494702e-07	Josamycin
Compound_DB08803	2.266012049188338e-07	Tymazoline
Compound_DB00265	2.219173917816597e-07	Crotamiton
Compound_DB00435	2.1613399704123019e-07	Nitric Oxide
Compound_DB00314	2.149388197395289e-07	Capreomycin
Compound_DB04571	2.133880714748279e-07	Trioxsalen
Compound_DB08795	2.1273719071341007e-07	Azidocillin
Compound_DB09019	2.1265661552551838e-07	Bromhexine
Compound_DB00410	2.1009368514646335e-07	Mupirocin
Compound_DB00948	2.0791588951986334e-07	Mezlocillin
Compound_DB00212	2.0495476687775962e-07	Remikiren
Compound_DB01604	2.046896602329337e-07	Pivampicillin
Compound_DB00827	2.0103157249638739e-07	Cinoxacin
Compound_DB00723	1.997347366223068e-07	Methoxamine
Compound_DB00121	1.9871792660086118e-07	Biotin
Compound_DB00166	1.966699804859587e-07	Lipoic Acid
Compound_DB08909	1.9288551870206646e-07	Glycerol Phenylbutyrate
Compound_DB08824	1.907944927447435e-07	Ioflupane I 123
Compound_DB01603	1.8879662310102065e-07	Meticillin
Compound_DB08871	1.7483588741169245e-07	Eribulin
Compound_DB00944	1.734941837411264e-07	Demecarium
Compound_DB00525	1.7283018447857938e-07	Tolnaftate
Compound_DB06811	1.72071192577439e-07	Polidocanol
Compound_DB01326	1.7137274703067097e-07	Cefamandole
Compound_DB00994	1.709104749776732e-07	Neomycin
Compound_DB00452	1.6988362868427248e-07	Framycetin
Compound_DB08979	1.6910721890135918e-07	Fenspiride
Compound_DB01328	1.6910069844353413e-07	Cefonicid
Compound_DB01329	1.690890554069375e-07	Cefoperazone
Compound_DB01082	1.61281946225725e-07	Streptomycin
Compound_DB06827	1.5756554562125405e-07	Viomycin
Compound_DB01025	1.5708042554425237e-07	Amlexanox
Compound_DB01106	1.529655181077712e-07	Levocabastine
Compound_DB01000	1.5265423431620085e-07	Cyclacillin
Compound_DB08957	1.463046745421808e-07	Hexoprenaline
Compound_DB00766	1.4576851897176658e-07	Clavulanate
Compound_DB01153	1.448158933621764e-07	Sertaconazole
Compound_DB00267	1.442775652692745e-07	Cefmenoxime
Compound_DB00274	1.441427159415445e-07	Cefmetazole
Compound_DB06210	1.4373229722056354e-07	Eltrombopag
Compound_DB00932	1.4077220495867473e-07	Tipranavir
Compound_DB00430	1.394975487693983e-07	Cefpiramide
Compound_DB01178	1.3914177862730657e-07	Chlormezanone
Compound_DB01422	1.3636267529290706e-07	Nitroxoline
Compound_DB00592	1.3486628057176568e-07	Piperazine
Compound_DB06782	1.3425341347777917e-07	Dimercaprol
Compound_DB01333	1.3404669064000218e-07	Cefradine
Compound_DB01613	1.330027856753302e-07	Erythrityl Tetranitrate
Compound_DB01414	1.3232200639157077e-07	Cefacetrile
Compound_DB01139	1.3082178393030294e-07	Cefapirin
Compound_DB00677	1.2940710703242734e-07	Isoflurophate
Compound_DB00772	1.2905921119449622e-07	Malathion
Compound_DB00711	1.2865693947554714e-07	Diethylcarbamazine
Compound_DB06708	1.2860845684375866e-07	Lumefantrine
Compound_DB00658	1.2656679323489186e-07	Sevelamer
Compound_DB01066	1.246924653065726e-07	Cefditoren
Compound_DB08992	1.2296825302862845e-07	Eperisone
Compound_DB01426	1.1396022980937253e-07	Ajmaline
Compound_DB00885	1.1204381820608193e-07	Pemirolast
Compound_DB00632	1.1002259542244157e-07	Docosanol
Compound_DB08943	1.0975663525874241e-07	Isoconazole
Compound_DB06696	1.0387581696219349e-07	Arbekacin
Compound_DB00534	1.0338740170644052e-07	Chlormerodrin
Compound_DB06704	1.0299703051584397e-07	Iobenguane
Compound_DB01423	1.0020061821451397e-07	Stepronin
Compound_DB01093	9.810658066419749e-08	Dimethyl sulfoxide
Compound_DB08958	9.802784526732825e-08	Hexetidine
Compound_DB01094	9.802527219136004e-08	Hesperetin
Compound_DB01370	9.598493687780145e-08	Aluminium
Compound_DB08806	9.558045238442953e-08	Roxatidine acetate
Compound_DB08946	9.529954023828813e-08	Iopanoic acid
Compound_DB01382	9.282947894661905e-08	Glycodiazine
Compound_DB00431	9.21820808643873e-08	Lindane
Compound_DB00941	8.94764123100362e-08	Hexafluronium
Compound_DB01122	8.94764123100362e-08	Ambenonium
Compound_DB08842	8.912285551118131e-08	Acetylcarnitine
Compound_DB00803	8.551004121315894e-08	Colistin
Compound_DB08913	8.382659159377503e-08	Radium Ra 223 Dichloride
Compound_DB04570	8.032242146888328e-08	Latamoxef
Compound_DB08933	7.357163438942702e-08	LULICONAZOLE
Compound_DB06706	7.285067299034389e-08	Isometheptene
Compound_DB00919	6.4689150507797e-08	Spectinomycin
Compound_DB04840	6.098813270698917e-08	Debrisoquin
Compound_DB00137	6.061955596820966e-08	Xanthophyll
Compound_DB07402	6.061955596820966e-08	Azapropazone
Compound_DB01145	4.910345882106167e-08	Sulfoxone
Compound_DB00955	4.653895934492771e-08	Netilmicin
Compound_DB01599	4.6322296131607054e-08	Probucol
Compound_DB05266	4.519313605517175e-08	Ibudilast
Compound_DB00325	3.921968629175592e-08	Nitroprusside
Compound_DB08966	3.5788594515040667e-08	Fursultiamine
Compound_DB08995	3.4353200007074585e-08	Diosmin
Compound_DB00516	3.399465952619629e-08	Bentoquatam
Compound_DB06723	3.399465952619629e-08	Aluminum hydroxide
Compound_DB01598	3.2274411868108586e-08	Imipenem
Compound_DB00895	3.078281388322859e-08	Benzylpenicilloyl Polylysine
Compound_DB01090	2.927307041706122e-08	Pentolinium
Compound_DB04898	2.8256844654927783e-08	Ximelagatran
Compound_DB01597	2.7274817545219043e-08	Cilastatin
Compound_DB04878	2.7206798514254367e-08	Voglibose
Compound_DB01605	2.5735560331598872e-08	Pivmecillinam
Compound_DB00587	2.1758352963822682e-08	Cinalukast
Compound_DB00272	2.1513944367638787e-08	Betazole
Compound_DB06714	1.971917391535732e-08	Propylhexedrine
Compound_DB09008	1.9522593357076958e-08	Cephaloridine
Compound_DB01096	1.83932743787629e-08	Oxamniquine
Compound_DB01123	1.6287746334384853e-08	Proflavine
Compound_DB06614	1.5646449679929507e-08	Peramivir
Compound_DB01593	1.5595127411012228e-08	Zinc
Compound_DB01256	1.5041951704972953e-08	Retapamulin
Compound_DB01369	1.5041951704972953e-08	Quinupristin
Compound_DB01764	1.5041951704972953e-08	Dalfopristin
Compound_DB01612	1.0973801740304676e-08	Amyl Nitrite
Compound_DB06439	8.673406622349194e-09	Tyloxapol
Compound_DB06751	8.04575430332049e-09	Drotaverine
Compound_DB08792	6.500274943520873e-09	Diloxanide
Compound_DB08991	5.863251172834214e-09	Epirizole
Compound_DB01347	5.855895201333575e-09	Saprisartan
Compound_DB05265	5.802778053540885e-09	Ecabet
Compound_DB00406	4.125342095512521e-09	Gentian Violet
Compound_DB01606	3.4343262307891754e-09	Tazobactam
Compound_DB04880	1.964279776218364e-09	Enoximone
Compound_DB06255	1.229225378026621e-09	Incadronate
Compound_DB00971	0.0	Selenium Sulfide
Compound_DB00638	0.0	Inulin
Compound_DB00236	0.0	Pipobroman
Compound_DB01040	0.0	Hydroxystilbamidine Isethionate
Compound_DB01187	0.0	Iophendylate
Compound_DB01377	0.0	Magnesium oxide
Compound_DB06810	0.0	Plicamycin
Compound_DB09006	0.0	Clinofibrate
Compound_DB08993	0.0	Enviomycin
Compound_DB08982	0.0	Etozoline
Compound_DB08968	0.0	Fominoben
Compound_DB08965	0.0	Fusafungine
Compound_DB08928	0.0	Arsthinol
Compound_DB08823	0.0	Spinosad
